ID,RADEG,DECDEG,CLASS
B001,9.9625375,40.9696194,1.0
B002,10.0107292,41.1982028,1.0
B003,10.0392042,41.1849028,1.0
B004,10.074675,41.3778583,1.0
B005,10.0846625,40.7328639,1.0
B006,10.1103667,41.4574194,1.0
B007,10.1136583,41.4860611,4.0
B008,10.1262042,41.2690917,1.0
B009,10.1279292,41.6154472,1.0
B010,10.131525,41.2395944,1.0
B011,10.1328292,41.6546972,1.0
B012,10.135275,41.3622861,1.0
B013,10.16015,41.4232556,1.0
B014,10.1608458,41.2127333,4.0
B015,10.1876208,40.9989167,1.0
B016,10.1881917,41.3694194,1.0
B017,10.2029833,41.2020028,1.0
B018,10.2058625,40.6921611,1.0
B019,10.2188708,41.3148361,1.0
B020,10.2302542,41.69035,1.0
B021,10.2458375,41.0941889,1.0
B022,10.2461958,41.4116944,1.0
B023,10.2549458,41.2293861,1.0
B024,10.2994208,41.7636583,1.0
B025,10.3023375,41.0078278,1.0
B026,10.3106458,41.4111639,1.0
B027,10.310525,40.9308139,1.0
B028,10.3186792,40.98425,1.0
B029,10.3243417,41.0063444,1.0
B030,10.328025,40.9543417,1.0
B031,10.3371667,40.9845083,1.0
B032,10.3396417,41.2917444,1.0
B033,10.3600125,41.0039333,1.0
B034,10.3671375,40.8971167,1.0
B035,10.385775,41.6424167,1.0
B036,10.3868,41.434775,1.0
B037,10.3958208,41.2486611,1.0
B038,10.3998208,41.3208083,1.0
B039,10.4078375,41.3472611,1.0
B040,10.4119792,40.6817639,1.0
B041,10.4200583,41.2459722,1.0
B042,10.423625,41.1239694,1.0
B043,10.4262875,40.7110611,1.0
B044,10.4288042,41.3351028,1.0
B045,10.4296167,41.5722194,1.0
B046,10.4358375,41.7743639,1.0
B047,10.4398667,41.7011528,1.0
B048,10.4396292,41.2252,1.0
B049,10.4399792,40.8317639,1.0
B050,10.4427792,41.5384667,1.0
B051,10.4445083,41.4220083,1.0
B052,10.4456625,41.6360472,4.0
B053,10.4468042,41.3791611,6.0
B054,10.4486167,41.0153167,1.0
B055,10.4599667,41.2034667,1.0
B056,10.46315,40.9611278,1.0
B057,10.4701375,40.8679806,1.0
B058,10.4708667,40.7860139,1.0
B059,10.4754167,41.1835833,1.0
B060,10.487525,41.0873333,1.0
B061,10.5005542,41.4932528,1.0
B062,10.5012167,41.6423583,4.0
B063,10.5036333,41.4859806,1.0
B064,10.5080333,41.1854167,1.0
B065,10.5080625,40.6702778,1.0
B066,10.5128708,40.7464222,1.0
B067,10.5132042,41.0732278,1.0
B068,10.5133625,40.9805917,1.0
B069,10.5229708,41.4359389,1.0
B070,10.5287208,41.1323361,1.0
B071,10.529725,41.20335,1.0
B072,10.5309083,41.379925,1.0
B073,10.5304875,40.9892111,1.0
B074,10.5335042,41.7226722,1.0
B075,10.5367667,41.3392361,1.0
B076,10.5427042,41.0894583,1.0
B077,10.5463708,41.1261111,1.0
B078,10.5506292,41.2996667,1.0
B079,10.5506583,41.4911167,4.0
B080,10.5515375,41.3169139,1.0
B081,10.5566083,40.8108222,1.0
B082,10.5659833,41.0206333,1.0
B083,10.5685,41.7557667,1.0
B084,10.5727042,41.3155056,1.0
B085,10.5760083,40.6658722,1.0
B086,10.5777208,41.233925,1.0
B088,10.5877625,41.5372778,1.0
B089,10.5885792,41.6631583,6.0
B090,10.5879833,41.04935,1.0
B091,10.5904583,41.3681667,1.0
B092,10.593225,41.1357417,1.0
B093,10.5963917,41.3621028,1.0
B094,10.6043458,40.9548917,1.0
B095,10.60775,41.0934083,1.0
B096,10.6086667,41.320775,1.0
B097,10.6143958,41.4256056,1.0
B098,10.6141458,40.9932944,1.0
B099,10.6150583,41.1676111,1.0
B100,10.6205167,40.8321389,1.0
B101,10.6209458,41.1377139,1.0
B102,10.6243208,41.5716778,7.0
B103,10.6238792,41.2993389,1.0
B104,10.6248833,41.2904333,1.0
B105,10.6281125,41.5075944,1.0
B106,10.6293167,41.2051083,1.0
B107,10.6302292,41.3274639,1.0
B108,10.6298917,41.1476056,1.0
B109,10.6340292,41.1744083,1.0
B110,10.6379375,41.0578778,1.0
B111,10.6382125,41.0073167,1.0
B112,10.6385125,41.2951056,1.0
B113,10.6397708,41.3607167,6.0
B114,10.6429292,41.2125139,1.0
B115,10.64335,41.2338528,1.0
B116,10.6439333,41.5475472,1.0
B117,10.6433,40.9525139,1.0
B118,10.6439208,41.2523583,6.0
B119,10.6503375,41.2931639,1.0
B122,10.6671083,41.5629361,1.0
B123,10.6694458,41.1759194,1.0
B124,10.6726667,41.2565722,1.0
B125,10.6760833,41.0919306,1.0
B126,10.6820042,41.2118611,1.0
B127,10.6854083,41.2448361,1.0
B128,10.69915,41.1871528,1.0
B129,10.7013625,41.4184417,1.0
B130,10.7035958,41.4979028,1.0
B131,10.7116708,41.2854222,1.0
B132,10.7141958,41.26135,1.0
B133,10.7150167,41.391575,3.0
B134,10.715325,41.2342833,1.0
B135,10.7165958,41.5188778,1.0
B136,10.7235292,41.3261444,1.0
B137,10.7249583,41.5372667,1.0
B138,10.7317292,41.3096778,1.0
B140,10.7447958,41.147975,1.0
B141,10.7470125,41.5464944,1.0
B143,10.7485458,41.322025,1.0
B144,10.7494292,41.2682083,1.0
B145,10.7565875,41.2074694,1.0
B146,10.7621708,41.2562528,1.0
B147,10.7637792,41.3559806,1.0
B148,10.7661,41.3013111,1.0
B149,10.7727917,41.5741972,1.0
B150,10.7813167,41.33875,1.0
B151,10.7898208,41.3588861,1.0
B152,10.7917333,41.3043861,1.0
B153,10.7942542,41.2475861,1.0
B154,10.8018958,41.2680222,1.0
B155,10.8058417,41.0578389,1.0
B156,10.8072375,41.0215722,1.0
B157,10.8083875,41.1887861,1.0
B158,10.810025,41.1225778,1.0
B159,10.811025,41.4203806,1.0
B160,10.8122417,41.0265194,1.0
B161,10.8142333,41.1903194,1.0
B162,10.818375,41.4012361,1.0
B163,10.8235,41.462475,1.0
B164,10.8256833,41.2081528,1.0
B165,10.8259,41.1818778,1.0
B166,10.8353583,41.2093417,6.0
B167,10.8380167,41.2355917,1.0
B168,10.8438583,41.7348778,1.0
B169,10.8458375,41.2570417,1.0
B170,10.8478667,40.844875,1.0
B171,10.8566875,41.2603139,1.0
B172,10.8583583,41.3587806,1.0
B173,10.8699917,41.3769583,1.0
B174,10.8762625,41.6489306,1.0
B176,10.8769917,40.8196944,1.0
B177,10.8771292,41.0950917,1.0
B178,10.8783,41.3545472,1.0
B179,10.8796292,41.3040667,1.0
B180,10.8822208,41.1295417,1.0
B181,10.8852333,41.4853139,1.0
B182,10.9028,41.1367111,1.0
B183,10.9039083,41.0339806,1.0
B184,10.9063125,41.6096222,1.0
B185,10.9053583,41.2454333,1.0
B186,10.9092042,41.6066583,1.0
B187,10.9109375,41.4963472,1.0
B188,10.9229042,41.40715,1.0
B189,10.9266458,41.5897833,1.0
B190,10.9307792,41.5682667,1.0
B191,10.9314125,40.7282917,4.0
B192,10.9354667,41.6241694,1.0
B193,10.9395958,41.6159667,1.0
B194,10.9383042,41.102425,1.0
B195,10.9523083,41.0410111,1.0
B196,10.9523875,40.7102389,1.0
B197,10.9570667,41.502725,1.0
B198,10.9588583,41.5312472,1.0
B199,10.9576042,40.9708056,1.0
B200,10.9600708,41.4896,1.0
B201,10.9701792,41.1660778,1.0
B202,10.9777667,41.0089917,1.0
B203,10.9826458,41.5431139,1.0
B204,10.9851167,41.3674417,1.0
B205,10.9923833,41.4105861,1.0
B206,10.9942417,41.5049917,1.0
B207,10.9977375,41.1029917,1.0
B208,11.0002792,41.3865667,1.0
B209,11.0109583,41.4240472,1.0
B210,11.0115,41.2401083,1.0
B211,11.0121875,41.3346111,1.0
B212,11.0128292,41.0822972,1.0
B213,11.0146333,41.5107361,1.0
B214,11.0164,41.4384778,1.0
B215,11.0266667,41.528775,1.0
B216,11.0365875,41.6320306,1.0
B217,11.0441625,41.3975111,1.0
B218,11.0596958,41.3220333,1.0
B219,11.0626875,40.9464917,1.0
B220,11.081125,41.509625,1.0
B221,11.0960958,41.5517611,1.0
B222,11.10545,41.2365611,1.0
B223,11.1127083,41.5769917,1.0
B224,11.1127917,41.480475,1.0
B225,11.1231667,41.3597972,1.0
B226,11.1271667,41.1830639,4.0
B227,11.1301625,40.7388694,4.0
B228,11.1383417,41.6910056,1.0
B229,11.140825,41.6412056,1.0
B230,11.1466,40.9534083,1.0
B231,11.1606167,41.4630889,1.0
B232,11.167625,41.2501167,1.0
B233,11.1754375,41.7317778,1.0
B234,11.1932292,41.4882694,1.0
B235,11.2413208,41.4899222,1.0
B236,11.2871,40.8413056,1.0
B237,11.2884792,41.37625,1.0
B238,11.3111458,41.3269167,1.0
B239,11.3149542,41.5880917,1.0
B240,11.3543333,41.1061583,1.0
B241,9.9810375,41.2519583,4.0
B242,10.0041125,41.0160028,4.0
B243,10.0073458,41.1561611,4.0
B244,10.1104,41.3098778,1.0
B245,10.1504167,41.1259,4.0
B246,10.2178208,40.8989972,1.0
B247,10.2592583,41.0087611,1.0
B248,10.2833083,40.883625,1.0
B249,10.3024292,41.0202139,1.0
B250,10.3132583,41.5660111,4.0
B251,10.4025083,41.0050778,4.0
B252,10.4136125,41.5097889,4.0
B253,10.457275,40.8833278,6.0
B254,10.46055,41.2739111,1.0
B255,10.4998625,40.8093806,1.0
B256,10.5044542,41.636425,4.0
B257,10.5136833,40.9705361,1.0
B258,10.5325583,41.1573667,2.0
B259,10.5790292,41.70415,1.0
B260,10.6383,41.5235639,1.0
B261,10.650375,41.2947222,6.0
B262,10.7085417,41.3244778,1.0
B263,10.7176292,40.7989917,6.0
B264,10.7216208,41.2706667,1.0
B265,10.758025,40.8838472,1.0
B266,10.7646958,41.6753389,1.0
B267,10.77355,40.767975,4.0
B268,10.7799667,41.1966139,1.0
B269,10.78075,41.4591611,1.0
B270,10.8225958,40.9293361,4.0
B271,10.8462,41.42395,1.0
B272,10.8562875,41.6198306,1.0
B273,10.8604792,40.8643389,4.0
B274,10.9139917,41.5217222,1.0
B275,10.9852667,40.9807222,4.0
B276,11.0112625,41.0382639,4.0
B277,11.0704708,41.2377194,1.0
B278,11.0971792,41.5844028,1.0
B279,11.11665,41.7362111,1.0
B280,11.1142833,40.8383056,4.0
B281,11.1784542,41.3357111,1.0
B282,11.18205,40.7376889,6.0
B283,11.23085,41.2834389,1.0
B284,11.2377167,40.9667472,6.0
B285,11.3543125,41.0885889,4.0
B286,11.3564833,40.9901861,6.0
B287,11.3687292,41.5012778,1.0
B288,11.4213125,41.1087417,4.0
B289,8.5870083,41.7975389,1.0
B290,8.5872792,41.4717167,1.0
B291,9.0207333,42.0359222,1.0
B292,9.0694417,40.97405,1.0
B293,9.0869375,40.8936806,1.0
B294,9.1372833,40.4148528,4.0
B295,9.1947208,40.3283639,1.0
B296,9.1953625,40.5131083,4.0
B297,9.2144667,39.6438611,4.0
B298,9.5009458,40.7321833,1.0
B299,9.5081667,40.6963806,4.0
B300,9.5777083,39.66635,4.0
B301,9.5899208,40.0603222,1.0
B302,9.6395833,41.3478583,1.0
B303,9.7105292,40.4586,1.0
B304,9.73725,41.1745583,1.0
B305,9.7455083,40.2754944,1.0
B306,9.7862792,40.5725583,1.0
B307,9.8269875,40.5494583,1.0
B308,9.8289458,40.4925611,4.0
B309,9.852525,40.2414222,1.0
B310,9.8573,41.3925389,1.0
B311,9.8905208,40.5207444,1.0
B312,9.9173958,40.9506806,1.0
B313,9.9358292,40.8819583,1.0
B314,9.9358083,40.2355306,1.0
B315,9.9521292,40.5251111,1.0
B316,9.97335,40.6942472,1.0
B317,9.9803833,41.7960889,1.0
B318,10.0036375,40.56885,1.0
B319,10.0126333,40.5660556,1.0
B320,10.0654542,41.8085167,4.0
B321,10.0639375,40.4629167,1.0
B322,10.0718583,40.651225,1.0
B323,10.0762,40.5458028,1.0
B324,10.0853208,41.6803833,1.0
B325,10.0963208,40.5130972,1.0
B326,10.0988208,41.6861833,6.0
B327,10.1004458,40.6062556,1.0
B328,10.1022042,41.6730972,1.0
B329,10.1031292,41.7899083,4.0
B330,10.1066083,41.7149111,1.0
B331,10.1089625,41.7011806,1.0
B332,10.1105792,41.6655972,6.0
B333,10.1234417,41.6738167,1.0
B335,10.1737208,40.6411556,1.0
B336,10.1983708,42.1450306,1.0
B337,10.2019875,42.2030722,1.0
B338,10.2452917,40.5966083,1.0
B339,10.2529542,39.931725,1.0
B340,10.2866417,39.6267889,4.0
B341,10.28815,40.598025,1.0
B342,10.3504583,40.6130944,1.0
B343,10.4295917,40.20625,1.0
B344,10.5123708,41.8672778,1.0
B345,10.5588417,40.293475,1.0
B346,10.5840125,40.508525,4.0
B347,10.5953833,41.9076611,1.0
B348,10.5955,41.8745722,1.0
B349,10.6005,40.628825,1.0
B350,10.6185083,40.4142,1.0
B351,10.658275,42.1918778,1.0
B352,10.6591375,42.037,1.0
B353,10.6967083,41.2608139,9.0
B354,10.6985208,42.0068694,1.0
B355,10.72035,41.9664417,6.0
B356,10.7931542,41.8420083,1.0
B357,10.8051333,40.1823306,1.0
B358,10.8244208,39.8203278,1.0
B360,10.9822167,40.02315,4.0
B361,10.9879167,40.2336806,1.0
B362,11.03905,41.6942028,6.0
B363,11.0717708,40.5597583,1.0
B364,11.0786042,39.7559861,4.0
B365,11.1518542,42.2890472,1.0
B366,11.1945292,42.0640139,1.0
B367,11.1964667,42.0921972,1.0
B368,11.1991708,41.8525167,1.0
B369,11.30045,39.8814611,4.0
B370,11.3099042,41.9613194,1.0
B371,11.3631417,41.7290806,1.0
B372,11.3889875,42.0067139,1.0
B373,11.4243833,41.7593111,1.0
B374,11.4355,41.6986278,1.0
B375,11.4398333,41.6617083,1.0
B376,11.4516083,41.7110778,1.0
B377,11.451175,40.634525,1.0
B378,11.4884792,41.8918639,1.0
B379,11.4951583,40.7087139,1.0
B380,11.5259917,42.0147583,1.0
B381,11.5272792,41.3496833,1.0
B382,11.5430833,41.6278722,1.0
B383,11.5497833,41.3281889,1.0
B384,11.5914,40.2832222,1.0
B385,11.6039792,41.5859611,4.0
B386,11.6125667,42.0313194,1.0
B387,11.63965,40.7370722,1.0
B388,11.6706583,41.6364972,6.0
B389,11.682575,41.8194417,4.0
B390,11.715133333333334,40.39636111111111,6.0
B391,11.7421125,41.5656972,1.0
B392,11.7539542,41.912375,3.0
B393,11.7550167,41.401775,1.0
B394,11.77345,41.1366611,4.0
B395,11.7753667,41.2070667,4.0
B396,11.854825,40.3617056,1.0
B397,11.8634583,41.2028917,1.0
B398,11.990775,41.8126833,1.0
B399,11.9981625,41.5912167,1.0
B400,12.0060042,42.4258222,1.0
B401,12.03545,41.6783139,1.0
B402,12.1501917,42.0262611,1.0
B403,12.3234458,41.5856056,1.0
B404,12.3855083,40.6888472,4.0
B405,12.4158417,41.5915833,1.0
B406,12.497175,42.2655306,4.0
B407,12.5414833,41.6835944,1.0
B408,12.6248083,40.5913306,4.0
B409,12.6632792,41.2931528,6.0
B410,12.6863458,40.976525,4.0
B411,8.628366666666665,41.56224722222222,4.0
B412,8.7303375,41.54069166666667,4.0
B413,8.804170833333332,41.48550277777778,4.0
B414,9.081275,42.2749722,4.0
B415,9.2127083,40.5106778,4.0
B416,9.2559708,39.8097194,4.0
B417,9.2731208,42.0429306,4.0
B418,9.3240917,40.1142639,4.0
B419,9.3634417,39.7190972,4.0
B420,9.3684958,41.5956278,2.0
B421,9.3867708,41.1251861,4.0
B422,9.4102375,41.9998028,1.0
B423,9.4860917,40.9599889,1.0
B424,9.5128,39.7563917,4.0
B425,9.5736708,39.6219972,4.0
B426,9.5825167,41.2418639,6.0
B427,9.5946292,39.969375,4.0
B428,9.651025,40.7504583,4.0
B429,9.6612417,41.1530472,4.0
B430,9.6787958,41.7335194,6.0
B431,9.7282125,40.5823139,1.0
B432,9.7465083,41.7210667,4.0
B433,9.7603875,40.0027917,4.0
B434,9.8132375,41.4876944,4.0
B435,9.8267875,40.8071528,4.0
B436,9.8777292,40.3057028,1.0
B437,9.8872167,39.9210667,4.0
B438,9.8979458,40.0001667,4.0
B439,9.9173042,41.0374444,4.0
B440,10.0095458,42.1656583,4.0
B441,10.0329208,41.7266694,6.0
B442,10.0808083,40.6247528,1.0
B443,10.0866083,40.5561472,3.0
B444,10.0909917,41.6963778,6.0
B445,10.0908292,41.7825,6.0
B446,10.1135292,41.6153167,4.0
B447,10.1111375,40.1184778,4.0
B448,10.1521083,40.6708806,1.0
B449,10.1760792,40.6011972,1.0
B450,10.1931625,41.6838694,1.0
B451,10.1950125,40.859475,6.0
B452,10.2013958,40.5850083,1.0
B453,10.2637917,41.0153917,3.0
B454,10.2666458,40.0251667,4.0
B455,10.2743792,39.6993778,4.0
B456,10.3392333,40.2522778,4.0
B457,10.3717917,42.310325,1.0
B458,10.43595,40.8562778,1.0
B459,10.455325,42.1284944,6.0
B460,10.478404166666666,39.59041944444445,4.0
B461,10.5177042,42.0573972,1.0
B462,10.5613292,42.026875,1.0
B463,10.6146458,40.5979083,4.0
B464,10.6278833,42.0036528,4.0
B465,10.7497417,41.2455333,6.0
B466,10.7535833,40.4002528,6.0
B467,10.7768792,42.0303139,1.0
B468,10.8021208,39.799225,1.0
B469,10.8305792,42.1717639,4.0
B470,10.906425,42.1631694,4.0
B471,10.9234917,42.132525,4.0
B472,10.9517583,41.44805,1.0
B473,11.1145667,41.1927806,6.0
B474,11.2095,41.1563528,4.0
B475,11.2335583,41.9002111,1.0
B476,11.2799542,41.6753083,1.0
B477,11.2847042,41.66045,1.0
B478,11.3030708,42.4022972,4.0
B479,11.3664375,42.1175194,4.0
B480,11.4398917,41.7645806,1.0
B481,11.4507917,40.3916333,4.0
B482,11.4717375,41.3216444,4.0
B483,11.4747208,42.0383389,1.0
B484,11.4745667,41.7936167,1.0
B485,11.5270958,40.7858694,4.0
B486,11.5359167,40.9676778,1.0
B487,11.60075,40.5030778,6.0
B488,11.6428625,42.1952167,5.0
B489,11.651608333333334,40.00746111111111,4.0
B490,11.669775,41.5491639,4.0
B491,11.713975,41.1625056,4.0
B492,11.7605917,41.1701694,4.0
B493,11.8103333,42.284925,4.0
B494,11.8351375,41.9159083,4.0
B495,11.8528833,41.9198722,2.0
B496,11.8727417,39.6732639,4.0
B497,11.9368917,40.19365,4.0
B498,11.955875,41.6526417,4.0
B499,12.0147458,39.7039167,4.0
B500,12.0717125,41.8961361,4.0
B501,12.09815,40.4893139,4.0
B502,12.1246625,39.6551861,4.0
B503,12.1559083,39.5176167,4.0
B504,12.1882,40.146094444444444,4.0
B505,12.3139917,42.3177083,4.0
B506,12.395437499999998,40.00803888888889,4.0
B507,12.410075,40.7501,4.0
B508,12.4408667,41.3896722,6.0
B509,12.4702042,42.1620472,4.0
B510,12.641275,41.8223417,4.0
B511,12.680908333333331,40.18705277777777,4.0
B512,12.693016666666667,39.888863888888885,4.0
B513,12.699191666666666,41.429519444444445,4.0
G001,8.1939,39.5779639,1.0
G002,8.3907417,39.5219222,1.0
G003,8.4531583,42.0631556,6.0
G004,8.6642458,39.5780028,4.0
G005,8.7585708,42.4863611,4.0
G006,8.7698875,42.5922861,4.0
G007,8.8071083,42.5884972,4.0
B136D,8.9684833,39.9522444,4.0
B145D,9.161525,42.2745917,6.0
B153D,9.3023083,39.8380167,6.0
G018,9.3269042,40.3554333,6.0
G020,9.4931417,42.5296056,6.0
B189D,10.06455,40.6665306,1.0
B190D,10.0702083,40.6583778,6.0
B193D,10.1042875,41.7150056,6.0
G083,10.3017708,41.1636889,1.0
G085,10.3033458,40.5716278,1.0
B020D,10.321825,41.1358861,1.0
G099,10.4036667,40.79025,1.0
B028D,10.4072917,40.8677222,6.0
G137,10.5392833,41.4753667,5.0
G145,10.5671667,40.3266611,4.0
G171,10.641025,43.0350222,4.0
G204,10.7836292,41.2812583,6.0
G225,10.8712667,39.1952833,4.0
B103D,10.948075,41.4521861,1.0
G253,10.986325,41.4386944,6.0
G260,11.0035708,42.5801333,1.0
G268,11.0417167,42.782725,1.0
G270,11.0507333,41.5568111,5.0
G273,11.0727083,42.9510389,4.0
G289,11.1905917,41.2853861,6.0
G294,11.203375,43.0061972,4.0
G295,11.2194667,41.4196778,6.0
G314,11.5267083,41.3473167,6.0
G325,11.6720792,41.8335417,6.0
G327,11.7062042,42.7463139,1.0
B311D,11.8737292,41.7224778,4.0
G339,11.9592292,43.1545639,1.0
G347,12.2481833,42.6934417,4.0
G349,12.3687792,40.0473028,4.0
G353,12.5758833,42.5955972,1.0
G355,12.890583333333332,39.959947222222226,4.0
VDB00,19.0171458,49.6100528,6.0
V285,11.0468,41.422975,4.0
H126,11.0504375,41.9806139,6.0
VDB0,10.1225292,40.6041444,1.0
EXT8,13.3105583,41.5567972,1.0
B087,10.5825,41.6378778,1.0
B175,10.8754417,41.2435944,6.0
B121,10.6612,41.339175,6.0
B139,10.7350167,41.3061528,6.0
B142,10.7469292,41.3574222,6.0
NB16,10.6378917,41.3378917,1.0
NB17,10.6433292,41.2920611,1.0
NB18,10.6962083,41.3099278,9.0
B053D,10.6039583,41.2096389,1.0
NB21,10.65825,41.2663639,1.0
NB22,10.6095625,41.3325917,6.0
NB23,10.6111542,41.3012083,4.0
NB24,10.6325417,41.2625306,6.0
NB25,10.6638083,41.2277111,6.0
NB26,10.7387083,41.215,6.0
NB27,10.659,41.2268639,6.0
NB28,10.6546125,41.2961861,6.0
NB29,10.6470792,41.2964389,1.0
NB30,10.6912125,41.298125,6.0
NB31,10.6045792,41.2985806,6.0
NB32,10.6125833,41.2861111,6.0
B054D,10.6092667,41.3180389,6.0
NB34,10.7435417,41.2486944,5.0
NB35,10.6439625,41.3112139,1.0
NB36,10.6087,41.293,6.0
NB37,10.6374167,41.2706389,6.0
NB38,10.656,41.2244444,4.0
NB39,10.7022875,41.2632167,1.0
NB40,10.722,41.2128889,6.0
NB41,10.70075,41.2668333,1.0
NB42,10.6954583,41.2948889,6.0
NB43,10.6306917,41.3388667,6.0
NB44,10.6950833,41.2989444,6.0
NB45,10.7060417,41.2276944,6.0
NB46,10.6226833,41.3331611,6.0
NB47,10.6416792,41.3246917,6.0
NB48,10.6342667,41.3225139,6.0
NB49,10.73275,41.2308611,6.0
NB50,10.7160667,41.2155111,6.0
NB51,10.629375,41.2262778,6.0
NB52,10.7029583,41.2028194,6.0
NB53,10.64675,41.2474444,6.0
NB54,10.6245,41.2268333,6.0
NB55,10.6433042,41.2838583,6.0
NB56,10.6111083,41.2301722,6.0
NB57,10.65075,41.2205778,9.0
NB58,10.6752625,41.2535222,6.0
NB59,10.7130417,41.2435,6.0
NB60,10.6111667,41.3029722,9.0
NB61,10.6320667,41.3300139,6.0
NB62,10.6842083,41.23975,6.0
NB63,10.6303042,41.3367278,6.0
NB64,10.6466375,41.3330083,6.0
NB65,10.6236792,41.3314861,6.0
NB66,10.6069792,41.3298306,6.0
NB67,10.6422583,41.3295472,6.0
NB68,10.6562292,41.3216722,6.0
B065D,10.6601333,41.313225,6.0
NB70,10.6254708,41.3115917,6.0
B120,10.6541625,41.3079611,6.0
NB73,10.6094583,41.2870833,6.0
NB74,10.6600833,41.2796389,6.0
NB75,10.6380542,41.2747083,6.0
NB76,10.6394708,41.2639472,6.0
NB77,10.6288292,41.2606111,6.0
NB79,10.6117875,41.251425,6.0
NB80,10.6536667,41.2395833,6.0
NB81,10.6311583,41.2269833,6.0
NB82,10.6322917,41.2245028,6.0
NB83,10.6125417,41.2224083,6.0
NB84,10.61925,41.2208639,6.0
NB85,10.6241292,41.2175611,6.0
NB86,10.6448083,41.1974111,6.0
NB87,10.6878,41.3171639,6.0
B074D,10.69915,41.2485722,6.0
NB89,10.6865792,41.2456139,1.0
NB90,10.6879708,41.2252278,6.0
NB91,10.6647583,41.2181389,6.0
NB92,10.695725,41.2023417,6.0
B080D,10.7256667,41.2705833,6.0
NB94,10.7063917,41.2613778,6.0
NB95,10.7002083,41.2602194,6.0
B075D,10.7034417,41.2536444,6.0
NB97,10.7320417,41.2425833,6.0
NB98,10.7380417,41.239,6.0
NB99,10.734125,41.2241944,6.0
NB100,10.7382917,41.2198611,6.0
NB101,10.7120458,41.2085722,6.0
NB102,10.6202292,41.297375,6.0
NB103,10.7250417,41.25575,6.0
NB104,10.7329583,41.2379583,6.0
NB105,10.6564167,41.3073611,6.0
NB106,10.7432917,41.2365278,6.0
NB107,10.6261417,41.2555,6.0
NB108,10.622,41.2543333,2.0
AU007,10.703825,41.2779361,6.0
AU008,10.7040083,41.3031278,1.0
AU010,10.7421792,41.2812417,1.0
B001D,9.9754625,41.3864306,2.0
B002D,10.0150958,41.5510611,4.0
B003D,10.1040833,41.2064389,6.0
B004D,10.1095167,41.2285,4.0
B005D,10.1369292,41.5784111,6.0
B006D,10.1557625,40.8126444,1.0
B007D,10.1564875,40.8032444,6.0
B008D,10.1876083,40.9821333,6.0
B009D,10.2082625,41.0277722,2.0
B010D,10.2128,41.2513611,1.0
B011D,10.21515,40.7350306,1.0
B012D,10.2177583,40.9781194,1.0
B013D,10.2384333,41.4566639,4.0
B014D,10.2543708,41.1091083,1.0
B015D,10.2613708,41.1100667,1.0
B016D,10.2803083,40.8369778,2.0
B017D,10.2917083,40.969625,1.0
B018D,10.310275,41.7544139,6.0
B019D,10.3172083,41.0855111,1.0
B021D,10.3573958,41.1719833,6.0
B022D,10.3750417,41.2887028,3.0
B023D,10.3901125,41.3589944,4.0
B024D,10.3915708,41.0235278,2.0
B025D,10.3928417,41.0183139,4.0
B026D,10.3931667,41.0138139,4.0
B027D,10.4043,41.7576333,6.0
B029D,10.4103292,41.7203833,6.0
B030D,10.4227792,41.0522167,6.0
B032D,10.441525,41.2170639,1.0
B033D,10.4495417,41.0667194,6.0
B034D,10.4588833,40.863025,6.0
B035D,10.4602583,41.3342389,1.0
B036D,10.49455,41.7514417,6.0
B037D,10.4962292,41.3661111,6.0
B038D,10.5017708,41.20395,2.0
B039D,10.5081792,40.7968417,6.0
B040D,10.5178917,41.3020361,1.0
B041D,10.5196667,41.2798167,1.0
B042D,10.5253333,41.0465917,4.0
B043D,10.5274167,41.3017306,4.0
B044D,10.5296292,41.0045972,4.0
B045D,10.5411583,41.3540333,1.0
B046D,10.5436083,41.2643083,6.0
B047D,10.5471583,41.4983889,6.0
B048D,10.5523292,40.8105083,6.0
B049D,10.5674208,41.1358806,6.0
B050D,10.5721417,41.1280639,6.0
B051D,10.5856208,41.0771972,1.0
B052D,10.58705,41.0765806,6.0
B055D,10.61395,40.8247667,6.0
B056D,10.6182,41.5742111,1.0
B057D,10.628025,41.3476528,6.0
B058D,10.628725,41.3767472,6.0
B059D,10.6289083,40.9049806,6.0
B060D,10.6328292,41.3451694,6.0
B061D,10.6356417,41.3616361,1.0
B062D,10.6416917,40.9042139,4.0
B063D,10.6458625,40.8108972,6.0
B064D,10.64805,41.2428389,1.0
B066D,10.6604292,40.8301667,4.0
B067D,10.6624708,41.6120333,1.0
B068D,10.66625,41.3444222,1.0
B069D,10.6685125,41.3622889,6.0
B070D,10.6821583,41.3561667,6.0
B071D,10.68885,41.362,6.0
B072D,10.6907917,41.4575,1.0
B073D,10.6926333,40.8099722,6.0
B076D,10.7058583,40.88095,6.0
B077D,10.709625,40.8470833,6.0
B078D,10.7160875,41.3681417,1.0
B079D,10.7247,40.7788972,6.0
B081D,10.7298875,41.0519611,3.0
B082D,10.7314583,41.3415806,6.0
B083D,10.7303875,41.0364917,6.0
B084D,10.7354583,41.3034167,6.0
B085D,10.7358708,40.8703417,6.0
B086D,10.7367125,40.8560694,6.0
B087D,10.7455375,41.1524528,1.0
B088D,10.7474083,41.0714917,1.0
B089D,10.7556667,41.44,1.0
B090D,10.7549833,41.2694972,1.0
B091D,10.756025,41.5047639,1.0
B092D,10.7568417,41.2191972,1.0
B093D,10.7578792,40.831875,6.0
B094D,10.7731792,41.19695,6.0
B095D,10.8085,41.1457944,1.0
B096D,10.8179917,41.625125,6.0
B097D,10.8195708,41.1092944,1.0
B098D,10.8225,41.5250028,1.0
B099D,10.895025,40.9283972,4.0
B100D,10.8976708,40.8886611,6.0
B101D,10.9219,40.9126833,4.0
B102D,10.93715,41.3409806,2.0
B104D,10.9546167,41.2378167,1.0
B105D,10.9667083,41.26395,6.0
B106D,10.9768667,41.2538111,1.0
B107D,10.9849208,41.7154306,6.0
B108D,10.9881208,41.7589611,1.0
B109D,10.9957167,40.7047472,6.0
B110D,10.9964292,41.6115,1.0
B111D,11.0204,41.6515778,1.0
B112D,11.0884792,41.3194083,1.0
B113D,11.0956583,40.7741917,4.0
B114D,11.1065,41.7374444,6.0
B115D,11.1104792,41.6492667,1.0
B116D,11.1340208,40.8045694,6.0
B117D,11.1354625,40.7645194,6.0
B118D,11.1652875,41.4078444,1.0
B119D,11.1977292,41.4026361,6.0
B120D,11.2010125,41.2714,4.0
B121D,11.2268083,41.1579778,6.0
B122D,11.2294292,41.2710639,4.0
B123D,11.2315167,41.2139389,6.0
B124D,11.2696167,41.1486556,4.0
B125D,11.2834667,40.8611139,6.0
B126D,11.3154333,41.1700167,6.0
B127D,11.3205292,41.4114694,6.0
B128D,11.3474625,41.357675,4.0
B129D,11.3662875,40.8009389,4.0
B130D,11.3710042,41.343875,4.0
B131D,11.3735583,41.3795889,6.0
B132D,11.3982917,41.3034972,6.0
B133D,8.545808333333332,39.847297222222224,4.0
B134D,8.876241666666665,40.740233333333336,4.0
B135D,8.8849708,41.3298722,6.0
B137D,9.0872,40.93335,6.0
B138D,9.0902792,41.4758722,4.0
B139D,9.102829166666664,39.75206388888889,6.0
B140D,9.1282583,41.3646694,4.0
B141D,9.1291458,41.4773833,4.0
B142D,9.140962499999997,41.15221111111111,4.0
B143D,9.1486875,40.4709056,4.0
B144D,9.15269583333333,41.61768055555556,6.0
B146D,9.1767625,41.6388667,4.0
B147D,9.1851708,41.1407361,4.0
B148D,9.2090542,41.1196444,4.0
B149D,9.2335125,40.1478222,4.0
B150D,9.2496542,41.42505,1.0
B151D,9.2594417,39.8014111,4.0
B152D,9.2754792,42.4281028,4.0
B154D,9.3360042,42.3137472,4.0
B155D,9.3575958,40.0817222,4.0
B156D,9.359675,41.3173028,4.0
B157D,9.3969625,40.9645417,2.0
B158D,9.4029958,39.8364028,4.0
B159D,9.4420042,40.0868639,4.0
B160D,9.460825,40.1777278,4.0
B161D,9.4639833,40.1684333,4.0
B162D,9.4728833,40.0606278,4.0
B163D,9.4798583,39.8983528,4.0
B164D,9.4890333,40.5388417,6.0
B165D,9.5183833,40.9255917,2.0
B166D,9.5567792,40.8573917,4.0
B167D,9.5936667,41.9097389,1.0
B168D,9.6042875,39.6809194,4.0
B169D,9.606075,39.8686222,4.0
B170D,9.6172208,39.7349861,4.0
B171D,9.6558708,40.6552694,4.0
B172D,9.6759708,40.20335,6.0
B173D,9.6822375,40.6963167,4.0
B174D,9.6992333,40.6848917,4.0
B175D,9.701775,40.0756667,4.0
B176D,9.7214667,41.4841722,6.0
B177D,9.7339083,40.0541,6.0
B178D,9.8378292,41.4479278,6.0
B179D,9.8559083,41.4568833,6.0
B180D,9.8609083,41.9042139,3.0
B181D,9.8785542,41.4740167,1.0
B182D,9.8812625,41.4598806,6.0
B183D,9.9264583,40.6754694,6.0
B184D,9.9532792,42.3866778,4.0
B185D,10.0002083,40.5730333,6.0
B186D,10.009408333333331,39.386697222222224,4.0
B187D,10.0234917,41.5776472,4.0
B188D,10.058491666666665,39.69189444444444,4.0
B191D,10.074554166666665,42.42332777777778,4.0
B192D,10.1030083,40.6305111,4.0
B194D,10.1108167,39.9806639,4.0
B196D,10.1449792,40.4436917,1.0
B197D,10.1711292,39.9753222,4.0
B198D,10.2144083,40.5577389,2.0
B199D,10.2646708,40.4981389,4.0
B200D,10.2785583,40.5746611,1.0
B201D,10.2845083,40.5477833,1.0
B202D,10.3086625,40.1044583,4.0
B203D,10.3583292,40.5885361,6.0
B204D,10.3896792,42.3434167,4.0
B205D,10.4086583,40.5695278,4.0
B206D,10.4190875,40.8352278,1.0
B207D,10.437325,40.2685556,4.0
B208D,10.4518042,40.2184972,4.0
B209D,10.5981333,42.2317417,6.0
B210D,10.6229375,39.8812722,6.0
B211D,10.6612917,40.0362861,6.0
B212D,10.67245,40.3150361,6.0
B213D,10.6787292,42.2686111,6.0
B214D,10.6812417,42.3675111,6.0
B215D,10.6803708,41.2007556,6.0
B216D,10.6939,41.8621778,6.0
B217D,10.7418833,41.9138083,6.0
B218D,10.7473708,42.1128361,6.0
B219D,10.75045,42.2338972,6.0
B220D,10.7682875,39.8348056,6.0
B221D,10.7743375,42.3154611,6.0
B222D,10.7829083,40.2936944,4.0
B223D,10.789825,42.4164694,4.0
B224D,10.8088625,42.2334972,6.0
B225D,10.806,40.020716666666665,6.0
B226D,10.8120042,41.9785917,6.0
B227D,10.8137458,40.2619389,4.0
B228D,10.82915,40.4035083,4.0
B229D,10.840275,39.8275139,6.0
B230D,10.8523417,40.4143917,4.0
B231D,10.8913125,42.2907222,6.0
B232D,10.9014042,40.6482667,6.0
B233D,10.922129166666666,39.612766666666666,4.0
B234D,10.9250708,39.7746361,4.0
B235D,10.9532833,41.8570861,6.0
B236D,10.9556083,39.9099889,6.0
B237D,10.9888042,41.99875,6.0
B238D,11.0000875,41.8628083,6.0
B239D,11.0085375,42.3050694,6.0
B240D,11.0286625,41.6744389,1.0
B241D,11.050575,42.0131306,6.0
B242D,11.055325,39.8147139,6.0
B243D,11.0752208,41.8691444,6.0
B244D,11.0798875,42.4196889,4.0
B245D,11.0851417,41.7919472,6.0
B246D,11.0976292,42.0747528,2.0
B247D,11.1284,40.0985972,4.0
B248D,11.1691708,41.6786417,6.0
B249D,11.1777,39.7683361,4.0
B250D,11.1831417,42.1250389,4.0
B251D,11.1809208,39.99215,6.0
B252D,11.1847833,42.16875,6.0
B253D,11.1927875,40.6124778,6.0
B254D,11.19745,41.8658139,6.0
B255D,11.2021958,42.1035889,1.0
B256D,11.2445792,41.9101944,1.0
B257D,11.2479083,41.9130083,1.0
B258D,11.288725,42.0442528,6.0
B259D,11.287,40.2839361,6.0
B260D,11.2957625,41.6731028,6.0
B261D,11.3214917,42.1826333,6.0
B262D,11.3331625,41.319875,6.0
B263D,11.3426042,42.3490556,4.0
B264D,11.3438125,39.6498083,4.0
B265D,11.3604958,40.6520611,6.0
B266D,11.3714667,40.0970417,4.0
B267D,11.3994583,40.5929444,2.0
B268D,11.4338833,41.6683806,4.0
B269D,11.4427417,39.8256917,4.0
B270D,11.45508333333333,41.03036111111111,1.0
B271D,11.46585,40.5043528,4.0
B272D,11.4776875,40.285825,6.0
B273D,11.4974042,40.6111167,4.0
B274D,11.4974833,40.6356056,4.0
B275D,11.5294208,41.6385694,6.0
B276D,11.5430375,40.8423111,2.0
B277D,11.5421583,40.0481583,4.0
B278D,11.5536292,42.1761278,6.0
B279D,11.5877792,40.8528972,6.0
B280D,11.5932875,40.6732111,6.0
B281D,11.592829166666666,40.30222222222222,6.0
B282D,11.60885,40.8407722,6.0
B283D,11.6190792,41.8847694,6.0
B284D,11.6216,41.0491944,4.0
B285D,11.6219333,41.0629028,4.0
B286D,11.6233208,40.5548528,6.0
B287D,11.6234625,40.5561972,6.0
B288D,11.6281667,41.9721444,6.0
B289D,11.66135,42.2733806,6.0
B290D,11.6615792,39.4505,4.0
B291D,11.671958333333334,40.050555555555555,6.0
B292D,11.6903167,42.3542972,6.0
B293D,11.700404166666667,40.039366666666666,6.0
B294D,11.7128833,40.0287972,6.0
B295D,11.717375,41.2525333,4.0
B296D,11.7240458,40.8275389,6.0
B297D,11.7320042,42.3291583,4.0
B298D,11.7479542,40.3309944,4.0
B299D,11.7512625,40.9938361,4.0
B300D,11.7514458,40.6769028,4.0
B301D,11.7587,39.37865,4.0
B302D,11.7687917,40.0269194,6.0
B303D,11.7688208,39.7003222,4.0
B304D,11.7769958,41.5956333,4.0
B305D,11.7843583,39.8050694,4.0
B306D,11.8103292,39.7540139,4.0
B307D,11.8357875,39.7372139,4.0
B308D,11.8481708,41.7624806,6.0
B309D,11.8494542,40.3255222,6.0
B310D,11.8620583,40.9060472,4.0
B312D,11.8728083,40.0374,4.0
B313D,11.8792458,40.4521667,6.0
B314D,11.8820292,40.8864278,4.0
B315D,11.8884917,39.9460722,4.0
B316D,11.8958958,40.4408583,6.0
B317D,11.9003417,40.3750917,4.0
B318D,11.9075917,40.4242667,6.0
B319D,11.9129083,40.4178861,6.0
B320D,11.9226583,42.070575,4.0
B321D,11.9393875,41.2577056,4.0
B322D,11.9404042,39.7449306,4.0
B323D,11.959875,40.1280389,6.0
B324D,11.9762083,41.75915,6.0
B325D,11.9888333,42.1173,4.0
B326D,12.0378458,39.5006833,4.0
B327D,12.0449875,41.540725,4.0
B328D,12.0695208,40.3641167,4.0
B329D,12.0808708,42.1407694,4.0
B330D,12.1123292,41.6354278,6.0
B331D,12.1218458,41.5861389,4.0
B332D,12.1222375,41.6363667,4.0
B333D,12.1513583,41.3450278,4.0
B334D,12.228533333333333,39.598908333333334,4.0
B335D,12.2552333,42.2608528,4.0
B336D,12.2908708,41.2898278,6.0
B337D,12.2967042,41.1225167,1.0
B338D,12.3156875,40.77318611111111,4.0
B339D,12.322887499999998,40.75182777777778,4.0
B340D,12.371558333333333,41.075583333333334,4.0
B341D,12.3833792,41.6502083,4.0
B342D,12.4000333,42.2720611,4.0
B343D,12.4546917,41.9471889,4.0
B344D,12.466925,41.6107944,1.0
B345D,12.468975,40.8861389,2.0
B346D,12.515625,40.62757777777778,4.0
B347D,12.5575083,40.9400778,4.0
B348D,12.580079166666666,40.96743888888889,4.0
B349D,12.6333375,41.2223167,4.0
B350D,12.7035583,42.3622167,4.0
DAO1,8.8287333,40.1530833,4.0
DAO2,8.8859083,40.3791694,4.0
DAO3,8.9671417,40.3501694,4.0
DAO4,9.036675,39.9690667,4.0
DAO11,9.3715792,39.9503389,4.0
DAO12,9.4147833,39.7752472,4.0
DAO16,9.48865,40.4139111,6.0
DAO22,9.7240417,39.8584861,4.0
DAO23,9.7264,40.4462306,6.0
DAO25,9.8054792,40.1255,4.0
DAO27,9.8186292,40.6846417,5.0
DAO30,9.9616208,40.3040917,1.0
DAO32,10.0807708,40.5452917,6.0
DAO38,10.1958083,40.6827806,1.0
DAO40,10.216575,40.600925,5.0
DAO46,10.3457417,40.47605,4.0
DAO47,10.3728417,40.7547028,1.0
DAO51,10.4857333,40.383075,4.0
DAO52,10.5366792,40.8479611,6.0
DAO53,10.5411625,40.6344611,4.0
DAO54,10.54575,40.31545,4.0
DAO55,10.67715,40.4907944,1.0
DAO60,10.851575,41.7652361,6.0
DAO62,10.8627,40.7907167,6.0
DAO67,11.0426667,41.9808611,5.0
DAO69,11.145,41.8909,1.0
DAO81,11.3753583,42.2386056,4.0
DAO83,11.4576792,41.8050306,2.0
DAO84,11.4680292,41.7135972,3.0
DAO86,11.523325,42.4941889,4.0
DAO87,11.5903792,42.5721972,4.0
DAO88,11.6748792,42.2626917,5.0
DAO89,11.6931917,42.8086,4.0
DAO91,11.8536375,42.6623389,4.0
DAO92,11.9068667,42.7984917,4.0
DAO93,11.942408333333331,42.74885555555556,4.0
DAO94,11.976662499999998,42.73377222222222,4.0
DAO96,12.0371042,42.9619361,4.0
DAO97,12.0378042,42.9220111,4.0
DAO98,12.1215292,42.3115639,4.0
DAO99,12.201308333333332,42.54588888888889,4.0
DAO101,12.27705,42.5092972,4.0
DAO102,12.308225,42.8854222,4.0
DAO104,12.338945833333332,42.271277777777776,4.0
DAO105,12.3976458,42.8490944,4.0
DAO107,12.422275,42.7587056,4.0
V014,10.30755,40.5660694,1.0
V031,10.301,41.0913306,1.0
V034,10.3757208,41.0838611,5.0
V129,11.4362417,41.8665111,3.0
V133,11.2938292,42.0033389,1.0
V202,10.1990625,40.9263167,1.0
V203,10.2019458,40.9865472,6.0
V211,10.25825,41.0486306,6.0
V212,10.2417083,41.0576944,6.0
V226,10.3114417,41.1564167,5.0
V229,10.6439167,40.9289167,9.0
V234,10.6244,41.0975611,3.0
V245,10.4446708,41.3129972,5.0
V254,10.89525,41.1653333,5.0
V270,10.6766208,41.5318194,5.0
V272,10.8024875,41.4695917,6.0
V298,11.2322208,41.4887139,6.0
V300,11.25275,41.4767222,5.0
BA10,11.984524999999998,42.478813888888894,4.0
BA11,12.189958333333333,42.39380555555555,4.0
BA21,8.7243,39.8279417,4.0
BA22,8.8067,39.76032222222222,4.0
BA28,11.809249999999999,42.36172222222223,4.0
SH01,8.173075,40.02845,4.0
SH05,9.7300417,41.174675,9.0
SH06,9.829374999999999,40.36611111111111,5.0
SH07,9.9058708,42.1656389,2.0
SH14,11.086425,41.9185722,2.0
SH20,11.6135458,41.0475472,2.0
SH21,11.655449999999998,39.39940277777778,6.0
SH24,12.064770833333332,42.42142222222222,6.0
SH25,13.016891666666666,41.58495833333333,4.0
M001,10.9378583,41.3033361,1.0
M003,10.9763833,41.2364083,1.0
M004,10.9908083,41.2313,6.0
M005,10.9916708,41.3593306,1.0
M009,11.0034375,41.2866972,1.0
M012,11.0118083,41.3611972,1.0
M016,11.0335208,41.3983917,1.0
M019,11.0486458,41.3984389,3.0
M020,11.0581083,41.3718806,1.0
M023,11.0788417,41.3526639,1.0
M025,11.0819708,41.4024806,1.0
M026,11.0841375,41.4555889,3.0
M028,11.0918292,41.5610611,1.0
M031,11.1011292,41.56615,1.0
M039,11.1306083,41.5012889,1.0
M040,11.1312792,41.465375,1.0
M042,11.1415292,41.3508111,1.0
M043,11.1431,41.3865694,1.0
M044,11.1434917,41.4025694,6.0
M045,11.1515625,41.5925306,1.0
M046,11.1527792,41.4539111,1.0
M047,11.1575708,41.4811528,1.0
M050,11.1694792,41.5018111,1.0
M052,11.2340875,41.693275,6.0
M053,11.2387292,41.8005639,1.0
M054,11.2465208,41.7071194,6.0
M055,11.24835,41.5608639,1.0
M056,11.2565,41.651225,3.0
M057,11.2615,41.7839611,1.0
M058,11.2639708,41.6680306,3.0
M059,11.2669583,41.7724194,1.0
M060,11.2785208,41.6494111,6.0
M062,11.28185,41.7585667,1.0
M065,11.2915417,41.7065194,2.0
M068,11.2958083,41.6489667,3.0
M069,11.2969583,41.8221361,1.0
M070,11.2991333,41.6721722,1.0
M071,11.3074417,41.70945,6.0
M072,11.3075417,41.7073333,1.0
M073,11.3130292,41.7922278,1.0
M075,11.3158917,41.7470583,2.0
M076,11.3171083,41.7228,1.0
M077,11.32265,41.6591556,5.0
M078,11.3240083,41.6979111,1.0
M079,11.3241792,41.6827611,1.0
M080,11.3316792,41.8084194,1.0
M081,11.3428083,41.7991306,1.0
M082,11.3593083,41.7644667,1.0
M083,11.3622208,41.7621917,6.0
M085,11.3667208,41.7010111,1.0
M086,11.3687,41.8248833,1.0
M087,11.38355,41.8255639,1.0
M088,11.3853292,41.7259833,2.0
M089,11.3855833,41.7253222,1.0
M090,11.3873792,41.8063917,6.0
M091,11.3879208,41.7053333,1.0
M092,11.3982417,41.7550194,1.0
M093,11.4060708,41.6697917,1.0
M094,11.4155875,41.7762194,6.0
M095,11.4161083,41.7449028,2.0
M101,11.4428208,41.8058028,1.0
M102,11.4448375,41.7562306,5.0
M104,11.4533917,41.8056,1.0
M105,11.45705,41.6572889,1.0
BH01,8.5478333,39.39975,2.0
BH02,10.0428708,40.6072778,2.0
BH03,10.0942917,41.6789972,1.0
BH04,10.1136083,41.7068667,1.0
BH05,10.127125,40.7581167,1.0
BH06,10.1276167,40.7484389,1.0
BH07,10.1286208,41.4406639,4.0
BH08,10.1434458,41.6511917,6.0
BH09,10.1548083,40.5559611,1.0
BH10,10.1869167,40.8855389,1.0
BH11,10.2118292,40.6773,1.0
BH12,10.2620792,40.5828694,1.0
BH13,10.4405292,41.5570139,2.0
BH14,10.5017417,40.7962694,5.0
BH15,10.6148625,40.5583611,4.0
BH16,10.6920417,41.2933306,1.0
BH17,10.7118792,40.9781694,1.0
BH18,10.7113208,41.1759611,1.0
BH19,10.7378583,40.8213,4.0
BH20,10.7417917,40.9459,6.0
BH21,10.7553458,40.9048583,6.0
BH22,10.7677917,40.8583806,4.0
BH23,10.7656792,41.3411056,1.0
BH24,10.7991417,40.8841028,4.0
BH25,10.8,41.0468944,1.0
BH26,11.0990792,41.7507639,6.0
BH27,11.1052792,41.7582194,6.0
BH28,11.1628,41.7406,1.0
BH29,11.4055083,41.612575,1.0
BH30,11.4030917,41.7262806,3.0
BH31,11.5906875,42.1086167,6.0
BH32,11.5982,42.0161667,1.0
B514,7.7909208,37.900025,1.0
B515,10.6168708,41.5568111,1.0
B516,13.9109042,45.4113972,6.0
B517,14.9995417,41.9018889,1.0
B518,3.7282917,39.0844722,6.0
B519,12.8755833,34.1274722,4.0
MCGC1,6.6987083,39.7461944,1.0
MGC1,12.6769125,32.9163278,1.0
B521,10.4238708,40.8671194,1.0
B522,10.4622792,40.8800194,1.0
B523,10.6928292,41.3089972,1.0
B524,10.7327375,41.0536083,1.0
B525,10.4385,41.2081611,2.0
B526,10.5128333,41.2731944,2.0
B527,10.5454958,41.4997306,1.0
B528,10.7996667,41.3966111,2.0
B529,10.5502333,41.4272083,2.0
B530,10.7096667,41.4201944,2.0
B531,9.0614375,40.9657056,1.0
2M001,6.4777792,40.9516306,4.0
2M002,7.440875,37.4916667,4.0
2M003,7.7370417,45.3499722,4.0
2M004,7.907125,40.5711944,4.0
2M005,8.76975,42.5921111,4.0
2M006,12.296875,38.1142778,4.0
2M007,15.29625,39.2513056,4.0
2M008,15.430875,40.40575,4.0
2M009,7.8712083,40.8986944,4.0
2M010,7.28425,39.4765833,4.0
2M011,7.329625,38.4212778,4.0
2M012,6.0289167,44.9853333,4.0
2M013,12.982,47.1230278,4.0
2M014,6.8084167,35.8033611,4.0
2M015,10.6053333,37.7030556,4.0
2M016,15.0995833,42.4306944,4.0
2M017,15.1573333,42.2179167,4.0
2M018,6.37175,37.8405,4.0
2M019,6.879125,40.13375,4.0
2M020,9.1714167,37.5815,4.0
2M021,9.2552083,37.6445278,4.0
2M022,9.3759583,36.4374722,4.0
2M023,6.4285,41.4265833,4.0
2M024,6.616625,44.2693611,4.0
2M025,8.9688333,37.8615278,4.0
2M026,10.647125,37.5248333,4.0
2M027,10.7227917,39.15375,4.0
2M028,13.6612917,45.1246389,4.0
2M029,14.2094167,40.1478333,4.0
2M030,15.959,43.3431111,4.0
2M031,4.0892083,34.2000556,4.0
2M032,5.3965,48.2256111,4.0
2M033,17.5007917,40.4058333,4.0
2M034,0.508375,51.6067222,4.0
2M035,1.549625,41.5037222,4.0
2M036,7.215375,39.0879722,6.0
2M037,11.0903333,38.7255278,6.0
2M038,9.6182083,46.1393611,6.0
2M039,7.5800417,41.2889722,6.0
2M040,7.877125,40.55425,6.0
2M041,12.3687917,38.4379444,6.0
2M042,7.456,41.7233333,6.0
2M043,6.8530833,45.1266667,6.0
MCGC2,7.437425,41.2192389,1.0
MCGC3,7.6136958,41.60545,1.0
MCGC5,8.9988917,35.6842722,1.0
MCGC7,9.7058708,42.3796889,1.0
MCGC8,13.6040542,39.7154694,1.0
MCGC9,13.93315,42.7712083,1.0
MCGC10,16.8596583,35.7801139,1.0
MCEC1,9.5812083,41.7874722,8.0
MCEC2,10.7291708,43.9577833,8.0
MCEC3,9.5191917,40.7442944,8.0
MCEC4,14.56425,38.0505611,8.0
H2,7.0135833,40.0486917,1.0
H3,7.3756208,41.8422472,1.0
H7,7.9772125,40.1130972,1.0
H8,8.5642083,39.8812306,1.0
H9,8.5717625,37.5120611,1.0
H11,9.3667833,44.1906694,1.0
H12,9.5160417,37.7334972,1.0
H13,9.6401792,41.74805,1.0
H15,10.0550583,35.87695,1.0
H16,10.1575583,39.7583111,1.0
H17,10.5987,37.2430806,1.0
H18,10.9001208,44.9831389,1.0
H19,11.0621667,38.4283167,1.0
H20,11.4688083,39.9311611,1.0
H21,12.2108083,41.1433972,1.0
H22,12.4360833,38.310525,1.0
H25,14.8939208,44.0941194,1.0
H26,14.8640417,37.6928111,1.0
HEC1,6.3915,40.7276111,8.0
HEC2,7.1317708,37.5232778,8.0
HEC3,9.1321708,44.7379694,8.0
HEC6,9.6483292,44.2802806,8.0
HEC8,11.36205,40.2297694,8.0
HEC9,12.6911667,41.6929444,8.0
HEC10,13.6514792,44.9788694,8.0
HEC11,13.8220208,38.8508111,8.0
HEC13,14.5705375,37.2308111,8.0
SK001A,9.1396792,40.6625111,6.0
SK002A,9.145791666666664,41.01888888888889,6.0
SK003A,9.2946417,41.688225,6.0
SK004A,9.505624999999998,42.068444444444445,6.0
SK005A,9.7464667,41.6742583,1.0
SK006A,9.915375,40.5656667,6.0
SK007A,9.9336292,40.8552583,1.0
SK008A,10.00175,40.7315889,6.0
SK009A,10.0232292,40.9373694,6.0
SK010A,10.02505,40.5944222,6.0
SK011A,10.0702583,40.6595167,6.0
SK012A,10.0791958,41.01445,6.0
SK013A,10.09335,40.8354194,6.0
SK014A,10.1034708,40.8129083,6.0
SK015A,10.1089625,40.7588611,1.0
SK016A,10.1322917,40.7688722,1.0
SK017A,10.2009708,41.00895,6.0
SK018A,10.2235083,41.2707639,1.0
SK019A,10.2706792,41.4772,1.0
SK020A,10.3056417,41.1617,1.0
SK021A,10.3122,40.8274306,6.0
SK022A,10.31635,40.4748333,6.0
SK023A,10.3244417,40.7264528,6.0
SK024A,10.3319625,40.6582056,6.0
SK025A,10.3425292,40.8328472,6.0
SK026A,10.3526292,40.6010361,1.0
SK027A,10.3536,40.7555694,6.0
SK028A,10.3818917,40.9914194,6.0
SK029A,10.3888792,40.6608611,6.0
SK030A,10.3917083,40.7063639,6.0
SK031A,10.3966208,40.8949139,6.0
SK032A,10.4102,40.9740528,6.0
SK033A,10.4186417,40.7692806,6.0
SK035A,10.447,41.8761972,1.0
SK036A,10.4474208,40.8522639,1.0
SK037A,10.4620792,40.7537389,6.0
SK039A,10.46275,41.3374111,6.0
SK040A,10.4742,40.9136583,6.0
SK041A,10.5095417,40.8961194,6.0
SK042A,10.5165792,40.9477528,5.0
SK043A,10.5218917,40.8005917,6.0
SK044A,10.5266208,40.8879194,3.0
SK045A,10.5398583,40.7955639,6.0
SK046A,10.55505,40.7700111,6.0
SK047A,10.5595417,40.83545,6.0
SK048A,10.57345,40.9210694,6.0
SK049A,10.5811708,40.8728778,1.0
SK050A,10.58985,41.2388111,3.0
SK051A,10.6339083,40.8929472,6.0
SK052A,10.6554792,41.8482167,1.0
SK053A,10.6700292,40.2980111,1.0
SK054A,10.6878083,41.1375278,1.0
SK055A,10.7160875,40.7360806,1.0
SK056A,10.7261417,41.0314472,5.0
SK057A,10.7418083,41.3840722,6.0
SK058A,10.7748,41.8499,6.0
SK059A,10.7910917,41.3169167,1.0
SK060A,10.7993917,40.9348333,1.0
SK061A,10.8064083,41.6410167,1.0
SK062A,10.8105292,41.8963306,1.0
SK063A,10.8170208,41.465825,3.0
SK064A,10.8266833,40.989925,1.0
SK065A,10.833375,41.6615278,6.0
SK066A,10.8503208,41.6450694,1.0
SK067A,10.8644708,41.59295,4.0
SK068A,10.8672708,41.0059806,3.0
SK069A,10.8929583,41.7274722,6.0
SK070A,10.9156,41.4878722,4.0
SK071A,10.9433583,41.6579361,1.0
SK072A,10.9445,41.3745111,1.0
SK073A,10.9522083,41.1300583,1.0
SK074A,10.9594167,41.6966389,1.0
SK075A,10.96825,41.6416278,4.0
SK076A,10.9705417,41.7549444,6.0
SK077A,10.9848583,41.3299972,6.0
SK078A,10.9940292,41.4173611,4.0
SK079A,11.0191083,41.5358611,6.0
SK080A,11.02855,41.8178472,6.0
SK081A,11.0291708,41.7978639,6.0
SK082A,11.0306417,41.7849722,6.0
SK083A,11.0416417,41.8579361,1.0
SK084A,11.0514292,41.3529972,1.0
SK085A,11.0859583,41.6958,6.0
SK086A,11.1086292,41.5873417,1.0
SK087A,11.1141625,41.9657361,6.0
SK088A,11.1328208,41.8728667,6.0
SK089A,11.1494417,41.6333889,1.0
SK090A,11.1772583,41.6860611,1.0
SK091A,11.1953792,41.7789806,6.0
SK092A,11.2148083,41.8490917,6.0
SK093A,11.2435583,41.9437528,6.0
SK094A,11.2472208,41.5514667,6.0
SK095A,11.2592708,41.8276778,1.0
SK096A,11.2594208,41.3934667,6.0
SK097A,11.2712792,41.7081111,1.0
SK098A,11.2815,41.5876917,6.0
SK099A,11.2839792,41.9452833,6.0
SK100A,11.3080208,41.5259389,6.0
SK101A,11.3261917,41.8267694,1.0
SK102A,11.4162,41.8796778,6.0
SK103A,11.4201417,40.6642611,6.0
SK104A,11.4346292,41.9577222,1.0
SK105A,11.4660792,41.9615528,1.0
SK106A,11.4674083,42.0907028,6.0
SK107A,11.7117917,41.7076389,6.0
SK108A,11.8093083,40.6366889,6.0
SK109A,11.8202208,41.0532333,1.0
SK110A,11.98245,41.4590194,1.0
SK111A,12.0609625,41.4887361,1.0
SK112A,12.06635,41.3920111,6.0
SK113A,12.1677792,41.9291389,6.0
SK001B,8.346125,40.07797222222223,4.0
SK002B,8.384166666666665,39.85911111111111,4.0
SK003B,8.404291666666666,39.683055555555555,4.0
SK004B,8.642499999999998,40.04705555555555,4.0
SK005B,8.8383292,41.925725,2.0
SK006B,8.892666666666667,41.198055555555555,4.0
SK007B,8.938583333333332,39.65591666666666,4.0
SK008B,8.992291666666667,39.62652777777778,4.0
SK009B,9.000958333333331,40.93866666666666,4.0
SK010B,9.007083333333332,39.813944444444445,4.0
SK011B,9.008416666666665,41.24538888888889,4.0
SK012B,9.021275,40.9223111,2.0
SK013B,9.13208333333333,41.194805555555554,4.0
SK014B,9.1361417,40.62975,6.0
SK015B,9.2906583,40.1935278,6.0
SK016B,9.3294917,40.7969194,6.0
SK017B,9.376833333333332,40.61216666666667,4.0
SK018B,9.378416666666666,40.306638888888884,4.0
SK019B,9.3894875,40.0915194,2.0
SK020B,9.3987292,40.5875194,2.0
SK021B,9.4716875,41.5193889,2.0
SK022B,9.476291666666667,40.290749999999996,4.0
SK023B,9.5018917,41.5710667,2.0
SK024B,9.5458917,40.6478389,6.0
SK025B,9.6832625,40.4166361,6.0
SK026B,9.7029208,40.5219694,6.0
SK027B,9.7883333,40.4746111,6.0
SK028B,9.8070792,41.9644444,2.0
SK029B,9.8493417,42.0270389,2.0
SK030B,9.8628625,42.1156083,2.0
SK031B,9.9253083,40.8725472,6.0
SK032B,9.9374208,42.1180444,2.0
SK033B,9.94305,40.8860639,6.0
SK034B,9.9633417,40.7592083,6.0
SK035B,9.9957875,41.7613583,6.0
SK036B,10.00025,40.3707111,6.0
SK037B,10.0015583,40.8141972,6.0
SK038B,10.0153917,40.7344944,6.0
SK039B,10.0209792,41.7883333,2.0
SK040B,10.0315583,41.9699139,2.0
SK041B,10.0429917,41.02335,6.0
SK042B,10.0585208,41.6932639,2.0
SK043B,10.0640208,40.6151083,2.0
SK044B,10.0784875,40.5209417,2.0
SK046B,10.1044417,40.6328361,6.0
SK047B,10.1207917,41.7048944,2.0
SK048B,10.12895,40.6564917,6.0
SK049B,10.13495,42.0145806,6.0
SK050B,10.1468,41.7924194,2.0
SK051B,10.1497917,40.6518972,6.0
SK052B,10.1579917,40.6343917,6.0
SK053B,10.17885,41.3944389,6.0
SK054B,10.2140708,41.7130889,2.0
SK055B,10.2192417,41.5410611,6.0
SK056B,10.2283917,41.9796306,6.0
SK057B,10.2322875,41.4681917,6.0
SK058B,10.2354208,41.5317611,6.0
SK059B,10.2383583,40.7419194,2.0
SK060B,10.2395583,41.0102083,6.0
SK061B,10.2416083,41.0607139,6.0
SK062B,10.2436208,41.1310472,2.0
SK063B,10.2550583,41.7414944,2.0
SK064B,10.2581083,41.1393667,6.0
SK065B,10.2711208,41.1850306,6.0
SK066B,10.2733417,42.2154111,2.0
SK067B,10.2733792,41.1284917,1.0
SK068B,10.2766792,41.16035,2.0
SK069B,10.2812708,42.0467028,6.0
SK070B,10.2872,41.1654611,2.0
SK071B,10.2955208,40.3851,2.0
SK072B,10.3006417,41.6029083,2.0
SK073B,10.3014292,42.2407722,6.0
SK074B,10.3028792,41.6605111,2.0
SK075B,10.3112625,41.1457528,6.0
SK076B,10.3237292,40.8736889,6.0
SK077B,10.3299292,40.7511,6.0
SK078B,10.35585,40.5148389,2.0
SK079B,10.3622,40.7852639,6.0
SK080B,10.362475,40.6936583,2.0
SK081B,10.4057833,40.9886722,6.0
SK082B,10.4105417,40.8759917,6.0
SK083B,10.4111083,40.7329972,6.0
SK085B,10.4193583,40.9718194,2.0
SK086B,10.4278,40.8897139,6.0
SK087B,10.4511292,40.7922472,7.0
SK088B,10.4645208,40.7853861,6.0
SK089B,10.4780708,40.7878306,1.0
SK090B,10.4873583,40.4951222,2.0
SK091B,10.4998292,40.7678028,6.0
SK092B,10.51585,40.7934806,6.0
SK093B,10.5274083,40.8671917,6.0
SK094B,10.5326583,41.0193972,4.0
SK095B,10.5608917,40.8534278,6.0
SK096B,10.5689125,41.4129778,2.0
SK097B,10.5698292,41.4045833,2.0
SK098B,10.5702917,40.862,6.0
SK099B,10.5815792,41.4507722,6.0
SK100B,10.5846708,40.8563694,6.0
SK101B,10.5898083,41.4664333,6.0
SK102B,10.5945,40.373225,2.0
SK103B,10.6004917,41.6261278,6.0
SK104B,10.6039208,40.6080778,2.0
SK105B,10.6041917,41.3535083,6.0
SK106B,10.6175417,40.8602111,6.0
SK107B,10.6377708,41.1810694,2.0
SK108B,10.6465792,40.558,4.0
SK109B,10.6467708,40.8731333,6.0
SK110B,10.6466083,41.5051389,2.0
SK111B,10.6627708,41.2829028,6.0
SK113B,10.72955,40.9959528,2.0
SK114B,10.7336583,40.9984389,6.0
SK115B,10.7352875,40.6853639,2.0
SK116B,10.7367,40.5034917,2.0
SK118B,10.74995,41.3454028,6.0
SK119B,10.7737875,41.2662194,6.0
SK120B,10.7749208,41.3857528,6.0
SK121B,10.7871792,41.4319389,6.0
SK122B,10.7884208,40.6364889,6.0
SK123B,10.7886708,41.5671194,6.0
SK124B,10.8262292,42.0342917,6.0
SK125B,10.8288083,42.2531861,2.0
SK126B,10.83885,41.3227694,2.0
SK127B,10.8441417,41.7606,6.0
SK128B,10.8455208,42.02845,2.0
SK129B,10.8592292,41.3021583,6.0
SK130B,10.85975,41.8835917,6.0
SK131B,10.8610208,42.2722083,6.0
SK132B,10.8608083,41.6780972,6.0
SK133B,10.8619208,40.4168611,2.0
SK134B,10.8666083,40.5999806,2.0
SK135B,10.8881792,41.5683222,6.0
SK136B,10.9082167,41.7612583,4.0
SK137B,10.91355,41.1720167,6.0
SK138B,10.914,41.1690778,6.0
SK139B,10.92245,41.813125,6.0
SK140B,10.9284417,40.9826306,2.0
SK141B,10.9372875,41.7666694,6.0
SK142B,10.9378583,41.2077833,6.0
SK143B,10.9639083,41.7803528,6.0
SK144B,10.9673792,41.7108694,6.0
SK145B,10.9699167,41.7949167,6.0
SK146B,10.9702583,41.8305667,6.0
SK147B,10.9716,40.3328972,2.0
SK148B,10.9796,41.4856139,6.0
SK149B,10.9854583,41.7475556,6.0
SK151B,10.99075,41.5888222,6.0
SK152B,10.9972792,40.80095,6.0
SK153B,11.0002708,41.8094306,6.0
SK154B,11.0003625,41.8592139,6.0
SK155B,11.0081,41.2500417,6.0
SK156B,11.01625,41.6277917,6.0
SK157B,11.0331792,41.7840528,6.0
SK158B,11.0396375,41.5663528,6.0
SK159B,11.0442,41.2998306,6.0
SK160B,11.0452417,41.5342361,6.0
SK161B,11.0506292,41.6103972,6.0
SK162B,11.0511917,41.5879694,6.0
SK163B,11.0528417,41.2889528,6.0
SK164B,11.0815708,41.8593472,6.0
SK165B,11.0834875,40.9661833,6.0
SK166B,11.1047417,41.3471806,1.0
SK167B,11.1048208,40.9374,2.0
SK168B,11.1095792,40.2514306,2.0
SK169B,11.1110292,40.71275,2.0
SK170B,11.1134792,41.6209361,6.0
SK171B,11.1187208,40.7066917,2.0
SK172B,11.1208917,41.3362583,6.0
SK173B,11.1288625,41.3061917,6.0
SK174B,11.1422792,41.7958333,6.0
SK175B,11.1467708,40.7314306,2.0
SK176B,11.1530792,41.8800306,6.0
SK177B,11.1622917,41.91975,6.0
SK178B,11.1786208,41.4182667,6.0
SK179B,11.1786583,41.5572778,6.0
SK180B,11.1973708,41.4315694,6.0
SK181B,11.2027583,42.1022333,6.0
SK182B,11.2036208,41.7996611,6.0
SK183B,11.2262792,41.5373,6.0
SK184B,11.2280792,41.8755917,1.0
SK185B,11.2355583,41.8818806,1.0
SK186B,11.2373792,41.2698694,6.0
SK187B,11.2421708,41.1615972,6.0
SK188B,11.2470083,41.8885306,6.0
SK189B,11.2471292,40.9727944,2.0
SK190B,11.2568542,40.4031944,2.0
SK191B,11.2603083,41.9927722,1.0
SK192B,11.2660208,40.4998806,2.0
SK193B,11.2673208,40.7187806,2.0
SK194B,11.2699083,40.5089194,2.0
SK195B,11.2741708,41.984475,1.0
SK196B,11.2745208,40.6855306,4.0
SK197B,11.2813917,41.0033917,2.0
SK198B,11.2936708,41.8388167,6.0
SK199B,11.3528792,41.7156306,6.0
SK200B,11.3616083,41.66335,6.0
SK201B,11.36165,41.6448028,6.0
SK202B,11.36845,41.5144306,2.0
SK203B,11.3756,41.7302167,6.0
SK204B,11.3775,40.7995389,2.0
SK205B,11.388541666666665,40.285666666666664,4.0
SK206B,11.4038292,41.7384,6.0
SK207B,11.4132792,41.8320083,2.0
SK208B,11.4214,41.9189806,6.0
SK209B,11.4240708,41.8618139,6.0
SK210B,11.4461875,40.75505,2.0
SK211B,11.4469,41.6589667,6.0
SK212B,11.4672917,41.5305361,2.0
SK213B,11.4744875,41.6865611,2.0
SK214B,11.475249999999999,39.94633333333333,6.0
SK215B,11.4982625,41.8541972,6.0
SK216B,11.5112792,41.7479944,2.0
SK217B,11.5392958,41.4845278,2.0
SK218B,11.5420083,40.9203528,2.0
SK219B,11.5474875,41.6470806,6.0
SK220B,11.5742875,41.7456028,2.0
SK221B,11.580166666666667,40.394999999999996,6.0
SK222B,11.6111208,41.6440306,6.0
SK223B,11.636999999999999,40.11013888888889,6.0
SK224B,11.6615917,41.9921111,6.0
SK225B,11.6777,41.9765333,6.0
SK226B,11.6994583,42.03235,2.0
SK227B,11.727,42.0131639,2.0
SK228B,11.7313208,42.3472472,6.0
SK229B,11.7514292,40.7577528,4.0
SK230B,11.7591792,41.1820667,2.0
SK231B,11.808791666666666,40.373111111111115,6.0
SK232B,11.810124999999998,40.42744444444444,4.0
SK233B,11.8133208,41.0201194,2.0
SK234B,11.8969,41.0253639,2.0
SK235B,11.9754375,41.556375,6.0
SK236B,11.99135,41.57565,6.0
SK237B,11.99355,41.5237806,6.0
SK238B,12.006916666666667,41.83247222222222,6.0
SK239B,12.0403917,41.8102444,6.0
SK240B,12.100583333333333,40.11197222222222,4.0
SK241B,12.1033708,41.8817139,6.0
SK242B,12.1110917,41.32975,2.0
SK243B,12.113291666666665,42.04541666666667,4.0
SK244B,12.1143708,41.1047528,2.0
SK245B,12.1267083,41.8806,6.0
SK246B,12.1278208,41.9247972,6.0
SK247B,12.1343083,41.7909694,6.0
SK248B,12.1365208,41.5935889,6.0
SK249B,12.137333333333332,42.045833333333334,4.0
SK250B,12.1528625,41.6523667,6.0
SK251B,12.1695625,41.8652306,6.0
SK252B,12.171375,41.53183333333333,6.0
SK253B,12.17615,41.5690639,6.0
SK254B,12.2084417,41.952,6.0
SK255B,12.26258333333333,41.91605555555555,1.0
SK256B,12.272416666666665,41.960638888888894,4.0
SK257B,12.313374999999999,41.02483333333333,6.0
SK258B,12.57275,42.11183333333334,4.0
SK001C,8.3046417,40.0908,2.0
SK002C,8.3159917,40.0070389,2.0
SK003C,8.3934292,40.1853472,4.0
SK004C,8.395666666666667,40.137861111111114,4.0
SK005C,8.408499999999998,39.593250000000005,4.0
SK006C,8.442124999999999,39.81016666666667,4.0
SK007C,8.477625,39.57683333333334,4.0
SK008C,8.5478792,40.1330083,4.0
SK009C,8.550833333333332,40.10825,4.0
SK010C,8.611875,39.901555555555554,4.0
SK011C,8.713166666666664,39.92586111111111,4.0
SK012C,8.786708333333333,40.12572222222222,4.0
SK013C,8.7885,40.09438888888889,4.0
SK014C,8.811916666666665,39.69444444444444,4.0
SK015C,8.835291666666665,39.584472222222225,4.0
SK016C,8.841666666666665,41.82983333333333,4.0
SK017C,8.8685,39.540305555555555,6.0
SK018C,8.872166666666665,41.709250000000004,4.0
SK019C,8.8737583,40.4922361,6.0
SK020C,8.95725,41.834,4.0
SK021C,8.961791666666667,39.60022222222222,4.0
SK022C,8.965666666666667,40.90322222222222,4.0
SK023C,8.97125,41.85658333333333,4.0
SK024C,8.974291666666666,41.728500000000004,4.0
SK025C,8.975916666666667,41.78161111111111,4.0
SK026C,9.023374999999998,39.96802777777778,4.0
SK027C,9.0520917,40.8773389,4.0
SK028C,9.0706583,41.4268222,2.0
SK029C,9.092749999999999,39.867916666666666,4.0
SK030C,9.113999999999999,41.58722222222222,4.0
SK031C,9.130958333333332,42.106833333333334,4.0
SK032C,9.138999999999998,41.500861111111114,4.0
SK033C,9.157874999999999,42.24616666666667,4.0
SK034C,9.180916666666665,39.58227777777778,4.0
SK035C,9.194416666666665,41.43997222222222,4.0
SK036C,9.196666666666665,40.06930555555556,4.0
SK037C,9.204958333333332,39.66213888888889,4.0
SK038C,9.2208208,39.6449194,6.0
SK039C,9.254083333333332,39.55766666666666,6.0
SK040C,9.264166666666666,41.55613888888889,6.0
SK041C,9.271166666666666,40.01841666666667,4.0
SK042C,9.276166666666667,41.746805555555554,4.0
SK043C,9.287916666666666,39.81955555555556,6.0
SK044C,9.2940833,40.3306944,6.0
SK045C,9.3038625,41.4435306,2.0
SK046C,9.370541666666666,41.91719444444444,4.0
SK047C,9.3895708,40.6247528,6.0
SK048C,9.405,40.09433333333334,4.0
SK049C,9.405291666666665,41.90122222222222,4.0
SK050C,9.421958333333333,40.078583333333334,4.0
SK051C,9.424125,40.08833333333334,4.0
SK052C,9.4921208,41.3935778,2.0
SK053C,9.503166666666665,42.04913888888888,4.0
SK054C,9.525416666666665,40.40838888888889,6.0
SK055C,9.5536792,41.8799778,2.0
SK056C,9.5938792,40.8492472,2.0
SK057C,9.6813792,41.9774194,2.0
SK058C,9.701666666666666,40.05033333333333,4.0
SK059C,9.7239083,40.6417611,6.0
SK060C,9.7245708,40.6442389,2.0
SK061C,9.7466208,41.7329306,2.0
SK062C,9.7551417,42.0651944,2.0
SK063C,9.7810833,40.6701389,2.0
SK064C,9.7905083,41.5876917,2.0
SK065C,9.7943708,41.0218111,6.0
SK066C,9.813291666666666,42.38075,6.0
SK067C,9.8326292,40.6332639,2.0
SK068C,9.8477292,40.2445528,6.0
SK069C,9.8684417,42.0489806,2.0
SK070C,9.91195,41.5775194,6.0
SK071C,9.9905875,41.0160361,2.0
SK072C,9.9962875,40.4714194,6.0
SK073C,10.017916666666666,40.23630555555555,4.0
SK074C,10.0220083,41.4433944,2.0
SK075C,10.0287083,41.7194111,2.0
SK076C,10.0351292,40.633175,6.0
SK077C,10.0642708,41.9065806,2.0
SK078C,10.0646917,40.7731167,2.0
SK079C,10.0691417,41.56805,2.0
SK080C,10.0838708,41.9187139,2.0
SK081C,10.0868708,41.6456111,6.0
SK082C,10.1126083,41.5552167,2.0
SK083C,10.1149208,41.3873722,4.0
SK084C,10.1185417,41.6519167,6.0
SK085C,10.1386,40.8649139,6.0
SK086C,10.1810625,41.5929972,2.0
SK088C,10.2003,40.67775,2.0
SK089C,10.2127083,40.2795111,6.0
SK090C,10.22108333333333,40.012027777777774,4.0
SK091C,10.2387792,40.3653333,6.0
SK092C,10.2606208,40.80425,2.0
SK093C,10.2644083,40.7685139,6.0
SK094C,10.2819417,41.5614917,6.0
SK095C,10.2826292,41.8591167,2.0
SK096C,10.3417792,42.1406583,6.0
SK097C,10.35195,42.3373806,2.0
SK098C,10.3789208,40.6522639,6.0
SK099C,10.4155583,40.9425611,6.0
SK100C,10.4208292,41.06825,2.0
SK101C,10.4565292,41.9238389,6.0
SK102C,10.4831083,40.8389972,6.0
SK104C,10.512666666666664,40.06355555555555,4.0
SK105C,10.5296292,41.9302667,6.0
SK106C,10.5353583,40.9679222,6.0
SK107C,10.5593,41.5740917,6.0
SK108C,10.5974917,40.6434944,2.0
SK109C,10.6251292,41.3905667,6.0
SK110C,10.637875,40.08155555555556,4.0
SK111C,10.6738917,40.2794111,6.0
SK112C,10.685625,40.9079889,6.0
SK113C,10.6879208,41.2977833,6.0
SK114C,10.7006208,40.3069194,2.0
SK115C,10.7074875,41.3767139,6.0
SK116C,10.7132792,41.3877028,6.0
SK117C,10.7549583,40.7497333,2.0
SK118C,10.77185,41.2412694,2.0
SK119C,10.7872417,41.1254917,6.0
SK120C,10.79255,41.2890333,2.0
SK121C,10.8129292,41.7906111,6.0
SK122C,10.8163083,41.5091361,6.0
SK123C,10.8392167,40.3989528,2.0
SK124C,10.84925,41.5876806,6.0
SK125C,10.8633958,41.1317694,6.0
SK126C,10.8752208,40.2853222,2.0
SK127C,10.8931667,41.6795,6.0
SK128C,10.9246,40.4005306,2.0
SK129C,10.9284,41.77525,6.0
SK130C,10.9350583,41.784775,6.0
SK131C,10.9384208,41.4656417,6.0
SK132C,10.9466208,41.4624722,6.0
SK133C,10.9656792,40.6289,2.0
SK134C,10.968,41.6063333,1.0
SK135C,11.0048792,41.0681722,2.0
SK136C,11.018458333333331,40.08877777777778,6.0
SK137C,11.0238917,41.2644361,2.0
SK138C,11.04995,42.1852111,2.0
SK139C,11.0650708,41.8922778,6.0
SK140C,11.0693917,40.6074194,2.0
SK141C,11.0723083,41.82145,6.0
SK142C,11.1023667,41.8626861,2.0
SK143C,11.11235,41.6428806,6.0
SK144C,11.1238625,41.9269722,6.0
SK145C,11.1260292,41.9134972,6.0
SK146C,11.1305708,41.6136639,6.0
SK147C,11.1346625,40.2778056,2.0
SK148C,11.1355792,40.6490472,2.0
SK149C,11.1432083,41.8550806,6.0
SK150C,11.1523417,41.7797806,6.0
SK151C,11.1563083,42.1471667,6.0
SK152C,11.1578333,41.8648333,6.0
SK153C,11.16035,41.4197917,2.0
SK154C,11.1697625,41.9463528,6.0
SK155C,11.1815625,41.7889417,6.0
SK156C,11.1914917,40.5888139,2.0
SK157C,11.19305,40.5519611,2.0
SK158C,11.2083,40.3877333,2.0
SK159C,11.2226292,41.5322889,2.0
SK160C,11.226791666666665,40.11225,4.0
SK161C,11.2362375,41.9164111,1.0
SK162C,11.2782417,40.7354306,2.0
SK163C,11.2792,42.2965139,6.0
SK164C,11.27995,41.3964111,6.0
SK165C,11.2959708,40.5873833,2.0
SK168C,11.3123417,41.6700361,6.0
SK169C,11.3139542,41.7946639,6.0
SK171C,11.3190292,41.6838917,6.0
SK172C,11.3311,41.3811389,2.0
SK173C,11.33165,41.6030778,6.0
SK174C,11.338425,41.5004611,2.0
SK175C,11.3381792,41.6822167,2.0
SK176C,11.3443292,42.32185,6.0
SK177C,11.3457208,41.5048028,6.0
SK178C,11.3523208,41.4615528,6.0
SK179C,11.3557083,40.3168917,2.0
SK180C,11.3621917,41.2625306,2.0
SK181C,11.3634292,41.6997389,2.0
SK182C,11.3638292,41.54835,2.0
SK183C,11.3648708,41.3899583,2.0
SK184C,11.3765292,41.6205306,6.0
SK185C,11.3823083,41.4754222,6.0
SK186C,11.3919708,41.4685528,6.0
SK187C,11.4072292,41.9012111,2.0
SK188C,11.4116708,41.8948028,2.0
SK189C,11.4183083,41.7043944,6.0
SK190C,11.4333,41.9075194,2.0
SK191C,11.4340875,41.7149389,6.0
SK192C,11.4490375,41.8714611,2.0
SK193C,11.458208333333332,40.085861111111114,4.0
SK194C,11.4589708,41.7305194,4.0
SK195C,11.4638708,40.42925,2.0
SK196C,11.464916666666666,40.078833333333336,4.0
SK197C,11.490124999999997,40.28597222222222,4.0
SK198C,11.51185,40.3844417,2.0
SK199C,11.5157625,41.6080278,2.0
SK200C,11.525374999999999,40.37388888888889,4.0
SK201C,11.5714417,41.6099583,2.0
SK202C,11.5763792,41.7836,2.0
SK203C,11.5951208,40.9635306,2.0
SK204C,11.5955,40.34505555555556,4.0
SK205C,11.6033708,40.585675,2.0
SK206C,11.6445708,40.5114111,2.0
SK207C,11.6523292,41.1755472,2.0
SK208C,11.6535208,40.7170194,2.0
SK209C,11.6653917,41.8598278,6.0
SK210C,11.7008583,41.7611806,6.0
SK211C,11.7073792,41.7622306,6.0
SK212C,11.72145,41.3686306,2.0
SK213C,11.744875,42.29591666666666,1.0
SK214C,11.7455,40.9006806,2.0
SK215C,11.7596708,41.0570111,2.0
SK216C,11.7656917,41.6540611,2.0
SK217C,11.78155,41.6885,6.0
SK218C,11.8416625,42.4493417,6.0
SK219C,11.8554208,41.0392889,2.0
SK220C,11.8699708,41.8973,6.0
SK221C,11.9951292,41.6592861,2.0
SK222C,11.997833333333332,41.90361111111111,6.0
SK223C,12.019208333333331,40.14083333333333,4.0
SK224C,12.036,41.8189583,2.0
SK225C,12.130583333333332,42.01819444444445,4.0
SK226C,12.1429417,41.9075194,6.0
SK227C,12.183541666666667,42.263555555555556,4.0
SK228C,12.193708333333333,41.77938888888889,4.0
SK229C,12.295999999999998,41.96475,4.0
SK230C,12.3054875,41.0171361,6.0
SK231C,12.3118292,41.1524167,6.0
SK232C,12.356791666666664,42.10186111111111,4.0
SK233C,12.398541666666665,42.19522222222222,4.0
SK234C,12.78625,42.1910167,6.0
SK001D,8.7949167,41.7341944,6.0
SK002D,8.8215,41.3702778,6.0
SK003D,8.8336667,41.3615833,6.0
SK004D,8.8549583,42.11425,6.0
SK005D,8.8587083,41.745,6.0
SK006D,8.8899167,42.1185556,6.0
SK007D,8.9070417,42.1176389,6.0
SK008D,8.9394167,41.7538889,6.0
SK009D,9.0374542,41.0230917,6.0
SK010D,9.0885833,41.7428611,6.0
SK011D,9.1140833,41.7257778,6.0
SK012D,9.1279167,40.6193333,6.0
SK013D,9.131075,41.019325,6.0
SK014D,9.144625,41.7126667,6.0
SK015D,9.1763333,41.7543056,6.0
SK016D,9.187975,41.0135444,6.0
SK017D,9.19125,41.7106111,6.0
SK018D,9.1934583,41.3481667,6.0
SK019D,9.2030833,42.1033056,6.0
SK020D,9.2040417,41.7080556,6.0
SK021D,9.2393333,40.65825,6.0
SK022D,9.2505,42.0766389,6.0
SK023D,9.2654167,41.01875,6.0
SK024D,9.2695417,40.6180833,6.0
SK025D,9.2730833,41.0011667,6.0
SK026D,9.274125,42.0315833,6.0
SK027D,9.2755417,41.69325,6.0
SK028D,9.2844583,41.7796667,6.0
SK029D,9.2937083,40.5679167,6.0
SK030D,9.3044583,40.2861111,6.0
SK031D,9.3063333,41.6495833,6.0
SK032D,9.3064583,41.96325,6.0
SK033D,9.3072083,41.7066389,6.0
SK034D,9.403875,41.0058333,6.0
SK035D,9.4243333,41.0120556,6.0
SK036D,9.6578333,41.3885833,6.0
SK037D,9.8569583,41.7556944,6.0
SK038D,9.993,40.6561111,6.0
SK039D,10.0482583,41.8628194,6.0
SK040D,10.0624167,41.0130556,6.0
SK041D,10.06795,40.4708944,6.0
SK042D,10.0735292,41.3928667,6.0
SK043D,10.0753333,40.8300833,6.0
SK044D,10.1011792,40.6982139,6.0
SK045D,10.104,41.3764444,6.0
SK046D,10.1367625,40.7363917,6.0
SK047D,10.1471667,40.8214444,6.0
SK048D,10.1640417,40.8513889,6.0
SK049D,10.1801583,40.7737806,6.0
SK050D,10.1972917,41.37325,6.0
SK051D,10.2608625,40.6432556,6.0
SK052D,10.2614167,40.6128333,6.0
SK053D,10.2639583,42.1179722,6.0
SK054D,10.2797083,41.3622222,6.0
SK055D,10.2894583,41.3825833,6.0
SK056D,10.2908333,42.0829167,6.0
SK057D,10.2913333,41.7531111,6.0
SK058D,10.2937083,41.3219167,6.0
SK059D,10.2966667,42.0948611,6.0
SK060D,10.3,41.757,6.0
SK061D,10.3077917,42.1218611,6.0
SK062D,10.3115,41.3578056,6.0
SK063D,10.3372917,41.2333056,6.0
SK064D,10.3408333,41.8406944,6.0
SK065D,10.3846667,42.0764444,6.0
SK066D,10.4354167,41.7588056,6.0
SK067D,10.4772083,41.3845167,6.0
SK068D,10.5062917,42.0828333,6.0
SK069D,10.5447083,41.7776111,6.0
SK070D,10.5699792,40.4299667,6.0
SK071D,10.5840417,42.1151111,6.0
SK072D,10.588675,41.3797222,6.0
SK073D,10.6475833,41.7524722,6.0
SK074D,10.6478333,42.0616667,6.0
SK075D,10.6607917,42.1186111,6.0
SK076D,10.7455417,42.1019167,6.0
SK077D,10.7521667,41.3937778,6.0
SK078D,10.7535833,41.3811944,6.0
SK079D,10.7751667,41.3746389,6.0
SK080D,10.7788333,42.11475,6.0
SK081D,10.7869167,41.7400278,6.0
SK082D,10.79525,41.7564444,6.0
SK083D,10.869375,41.2435889,6.0
SK084D,10.8885208,40.8852917,6.0
SK085D,10.9525833,40.5043333,6.0
SK086D,10.9672917,40.3745833,6.0
SK087D,11.0436667,41.9719444,6.0
SK088D,11.0546667,41.9186389,6.0
SK089D,11.062,40.4796111,6.0
SK090D,11.0824167,41.9331389,6.0
SK091D,11.1156667,41.5682222,6.0
SK092D,11.2895417,40.6382778,6.0
SK093D,11.30075,40.6104722,6.0
SK094D,11.3568083,41.0233306,6.0
SK095D,11.457425,41.5222222,6.0
SK096D,11.674125,40.4326667,6.0
SK097D,11.6798208,40.6593611,6.0
SK098D,11.7103833,40.6555361,6.0
SK099D,11.7786167,40.6166472,6.0
SK100D,11.8146667,40.6160556,6.0
SK101D,11.9760417,40.7688056,6.0
SK102D,11.9979667,41.8136667,6.0
SK103D,12.02195,41.8307194,6.0
SK104D,12.029375,41.4834722,6.0
SK105D,12.0319375,41.9660333,6.0
SK106D,12.0660833,41.6413972,6.0
SK107D,12.0720833,41.3712778,6.0
SK108D,12.1352917,41.3831111,6.0
SK109D,12.187375,41.3865278,6.0
SK110D,12.2478792,41.4699111,6.0
SK111D,12.3202917,41.0161389,6.0
SK004E,10.2299167,41.9579722,4.0
SK005E,10.2507208,41.9278222,4.0
SK006E,10.705625,41.9851667,4.0
SK007E,10.8107167,40.3832361,4.0
SK008E,10.8152917,42.0299722,4.0
SK009E,10.9470833,40.5485556,4.0
SK010E,11.2187,41.7749694,4.0
SK011E,11.453375,41.0372583,4.0
SK013E,11.6216667,40.3430556,4.0
SK017E,11.8022375,41.5021778,4.0
SK018E,11.8592917,41.7948333,4.0
SK019E,11.8799167,41.88325,4.0
SK020E,11.9237083,41.7781667,4.0
SK021E,12.1397417,41.72905,4.0
C002,10.7363542,40.8564,2.0
C003,9.725875,40.4428333,2.0
C004,10.1991,40.9850056,5.0
C005,11.6083833,41.0543944,6.0
C006,11.6325583,39.3988,6.0
C007,12.0444708,42.4230389,6.0
C008,10.2439125,41.0590167,5.0
C009,10.3797708,40.7702667,1.0
C010,10.9585417,41.0397778,1.0
C011,10.99655,41.6454917,1.0
C012,10.1300417,40.7478611,6.0
C013,10.28595,40.5482528,6.0
C014,10.2994917,41.1652611,6.0
C015,10.4096667,40.8700833,6.0
C016,10.4209792,41.0548389,6.0
C017,10.421825,41.2452472,6.0
C018,10.5006042,40.7988694,6.0
C019,10.5325,41.0030111,6.0
C020,10.53295,41.3775278,6.0
C021,10.5549583,40.8098611,6.0
C022,10.6090833,41.0964667,6.0
C023,10.6266208,41.37875,6.0
C024,10.7142375,41.177275,6.0
C025,10.7459625,41.0726556,6.0
C026,10.801,41.0464389,6.0
C027,10.9736708,41.2374361,6.0
C028,10.9778417,41.0059833,6.0
C029,10.9908292,41.7581972,6.0
C030,11.0585875,41.3744528,6.0
C031,11.0929375,41.5632639,6.0
C032,11.2883042,40.2843,6.0
C033,11.3636583,41.7029778,6.0
C034,11.3641792,41.7612889,6.0
C035,11.3678542,41.4996639,6.0
C036,11.9886875,42.1158583,6.0
C037,10.4033292,40.7901,4.0
C038,10.8671667,42.1273611,4.0
C039,10.983675,40.9814333,4.0
C040,11.6596667,41.1245194,4.0
C041,11.0951208,42.0758389,2.0
C042,11.3158625,41.7461778,6.0
KHM31-22,9.9945708,40.5900611,1.0
KHM31-37,10.0457292,40.6031583,1.0
KHM31-74,10.22055,40.5888028,1.0
KHM31-77,10.2236792,40.6140472,1.0
KHM31-81,10.2322583,40.58955,1.0
KHM31-85,10.2359708,40.5736083,1.0
KHM31-97,10.24505,40.5733694,1.0
KHM31-113,10.26115,40.5787861,1.0
KHM31-152,10.4871417,40.7757139,1.0
KHM31-234,11.2057208,41.3265389,1.0
KHM31-246,11.2280625,41.4809333,1.0
KHM31-264,11.27445,41.5953528,1.0
KHM31-267,11.2796667,41.6217778,1.0
KHM31-330,10.4510458,40.8831972,2.0
KHM31-340,10.4706042,40.8712778,2.0
KHM31-341,10.4710417,40.8765833,1.0
KHM31-345,10.4743708,40.8359389,1.0
KHM31-347,10.4760708,40.8409889,2.0
KHM31-350,10.4794083,40.8645944,2.0
PHF7-1,10.1934208,40.8613611,1.0
PHF7-2,10.20155,40.8661806,1.0
PHF8-1,10.4146,40.6759389,1.0
PHF6-2,10.4437417,41.3132667,5.0
PHF6-1,10.78325,41.3050611,1.0
PHF4-2,10.740875,41.3067778,6.0
PHF4-1,11.2236667,41.2825,4.0
WH2,9.9999583,40.5575472,1.0
MITA140,10.5395583,41.2960028,1.0
WH23,11.2535833,41.5163611,6.0
WH28,11.3059167,41.6267222,1.0
KHM31-151,10.4855833,40.7665,1.0
C043,8.9663083,40.3488694,6.0
C044,9.756625,41.7202528,4.0
C045,8.5497917,39.40305,6.0
C046,10.195,41.6741667,2.0
B532,11.175,41.9606028,1.0
B533,11.36,41.943925,1.0
B534,11.2920833,41.8153556,1.0
B535,11.0945833,41.6942222,1.0
B536,10.865,41.2084667,1.0
B537,10.4691667,41.1142167,1.0
B538,10.56375,41.3271139,1.0
B539,10.5658333,41.3345972,1.0
B540,10.5858333,41.3370889,1.0
PAndAS-01,359.300125,43.552299999999995,1.0
PAndAS-02,359.48204166666665,41.78034722222222,1.0
PAndAS-03,0.9850416666666666,40.888666666666666,1.0
PAndAS-04,1.178875,47.36179722222222,1.0
PAndAS-05,1.3506249999999997,43.92658333333333,1.0
PAndAS-06,1.5497916666666665,41.68915833333333,1.0
PAndAS-07,2.713958333333333,39.59959722222222,1.0
PAndAS-08,3.2185416666666664,38.29662777777778,1.0
PAndAS-09,3.22775,45.098850000000006,1.0
PAndAS-10,3.411083333333333,45.186425,1.0
PAndAS-11,3.7317916666666666,44.621208333333335,1.0
PAndAS-12,4.416999999999999,43.31083888888889,1.0
PAndAS-13,4.428,43.07550833333334,1.0
PAndAS-14,5.141166666666665,36.659572222222224,1.0
PAndAS-15,5.683624999999998,41.937266666666666,1.0
PAndAS-16,6.249666666666666,39.70364166666667,1.0
PAndAS-17,6.717499999999999,38.749475000000004,1.0
PAndAS-18,7.096916666666666,39.91801666666667,1.0
PAndAS-19,7.550916666666666,39.84979722222222,1.0
PAndAS-20,7.848916666666667,41.98892222222222,1.0
PAndAS-21,7.8646666666666665,39.5394,1.0
PAndAS-22,8.034833333333331,40.62545,1.0
PAndAS-23,8.308874999999999,39.58775833333333,1.0
PAndAS-24,8.460708333333333,38.64112222222222,1.0
PAndAS-25,8.525624999999998,43.251847222222224,1.0
PAndAS-26,8.687833333333332,38.44390277777777,1.0
PAndAS-27,8.806375,45.17718055555555,1.0
PAndAS-28,8.985125,40.81249444444444,1.0
PAndAS-29,9.037833333333332,40.136069444444445,1.0
PAndAS-30,9.620874999999998,37.977558333333334,1.0
PAndAS-31,9.999125,43.05546388888889,1.0
PAndAS-32,10.171666666666665,40.01526388888889,1.0
PAndAS-33,10.238958333333331,38.636177777777775,1.0
PAndAS-34,10.325166666666664,42.771252777777775,1.0
PAndAS-35,10.789,40.610619444444445,1.0
PAndAS-36,11.189874999999997,43.44299722222222,1.0
PAndAS-37,12.110541666666666,37.92837222222222,1.0
PAndAS-38,12.440291666666663,47.9092,1.0
PAndAS-39,12.650916666666665,42.53035833333333,1.0
PAndAS-40,12.6825,40.058388888888885,1.0
PAndAS-41,13.414916666666665,42.587494444444445,1.0
PAndAS-42,14.158499999999998,39.67386944444444,1.0
PAndAS-43,14.161666666666665,42.45493611111112,1.0
PAndAS-44,14.482874999999998,41.715836111111116,1.0
PAndAS-45,14.658166666666665,41.95318888888889,1.0
PAndAS-46,14.735,42.460636111111114,1.0
PAndAS-47,14.769916666666665,42.37640555555556,1.0
PAndAS-48,14.867749999999997,31.48628888888889,1.0
PAndAS-49,15.208625,42.30368055555555,1.0
PAndAS-50,15.461083333333331,48.30533888888888,1.0
PAndAS-51,15.527541666666666,42.80184444444444,1.0
PAndAS-52,18.195874999999997,42.423575,1.0
PAndAS-53,19.493374999999993,39.248111111111115,1.0
PAndAS-54,19.50058333333333,39.28331388888889,1.0
PAndAS-55,19.835041666666665,46.0532,4.0
PAndAS-56,20.76470833333333,41.91972777777777,1.0
PAndAS-57,21.947958333333332,40.67977777777777,1.0
PAndAS-58,22.258999999999997,40.785738888888886,1.0
PAndAS-59,9.123041666666666,40.63800833333333,1.0
PAndAS-Cand-01,11.243125,40.360533333333336,4.0
PAndAS-Cand-02,16.974499999999995,48.378275,4.0
dTZZ-C01,13.61375,4.183722222222222,4.0
dTZZ-C02,17.34458333333333,-5.915972222222223,4.0
dTZZ-C03,31.37666666666666,6.778083333333333,4.0
dTZZ-C04,37.64958333333333,46.319972222222226,4.0
dTZZ-C05,102.15208333333332,-18.388805555555557,4.0
dTZZ-C06,120.87208333333332,13.077305555555556,4.0
dTZZ-C07,152.40416666666667,61.266222222222225,4.0
dTZZ-C08,238.65541666666664,12.920388888888889,4.0
dTZZ-C09,250.07458333333332,54.968222222222224,4.0
dTZZ-C10,255.93624999999997,38.79727777777778,4.0
dTZZ-C11,313.825,54.712833333333336,4.0
dTZZ-C12,343.69749999999993,17.43927777777778,4.0
SDSS1,9.007499999999999,40.49722222222222,1.0
SDSS3,9.804583333333332,41.702222222222225,1.0
SDSS6,10.614999999999998,39.92444444444444,1.0
dTZZ-SDSS2,9.61208333333333,40.209722222222226,4.0
dTZZ-SDSS5,10.446666666666665,41.736111111111114,4.0
dTZZ-SDSS7,11.921249999999999,42.07138888888889,4.0
dTZZ-SDSS10,13.86708333333333,43.99194444444444,4.0
dTZZ-SDSS13,19.173749999999995,33.32361111111111,4.0
dTZZ-SDSS14,20.586249999999996,35.19305555555555,4.0
dTZZ-SDSS18,357.2904166666666,40.458333333333336,4.0
dTZZ-C2,2.079166666666666,34.468611111111116,4.0
dTZZ-C3,2.14375,34.62722222222222,4.0
dTZZ-C14,9.884583333333333,40.85472222222222,4.0
dTZZ-C15,10.039583333333331,39.925,4.0
dTZZ-C16,10.058333333333332,39.0425,4.0
dTZZ-C17,10.132916666666665,38.18666666666666,4.0
dTZZ-C18,10.412083333333332,37.32611111111112,4.0
dTZZ-C20,10.53833333333333,38.9375,4.0
dTZZ-C22,10.765416666666665,32.14361111111111,4.0
dTZZ-C23,10.883333333333331,33.16777777777777,4.0
dTZZ-C24,10.934583333333332,31.69,4.0
dTZZ-C26,11.004166666666665,30.700277777777778,4.0
dTZZ-C27,11.417499999999999,37.78638888888889,4.0
dTZZ-C30,12.105833333333333,29.2675,4.0
dTZZ-C31,12.387916666666664,34.86666666666667,4.0
dTZZ-C32,12.406249999999998,33.748333333333335,4.0
dTZZ-C33,12.593749999999998,41.859722222222224,4.0
dTZZ-C34,12.799999999999997,43.55972222222222,4.0
dTZZ-C36,12.885833333333332,41.95666666666667,4.0
dTZZ-C37,12.947083333333332,41.62555555555556,4.0
dTZZ-C39,13.144166666666665,43.30694444444444,4.0
dTZZ-C40,13.52625,29.921666666666667,4.0
dTZZ-C41,15.052916666666665,34.011944444444445,4.0
dTZZ-C45,16.429166666666664,30.94527777777778,4.0
dTZZ-C47,16.561666666666667,34.020833333333336,4.0
dTZZ-C48,16.66875,32.499722222222225,4.0
dTZZ-C50,17.13958333333333,33.78611111111111,4.0
dTZZ-C51,17.419166666666662,34.23694444444445,4.0
dTZZ-C52,17.711666666666666,44.74388888888889,4.0
dTZZ-C55,18.62333333333333,46.10194444444445,4.0
dTZZ-C56,19.399999999999995,46.18833333333333,4.0
dTZZ-C58,19.932499999999997,33.15555555555555,4.0
dTZZ-C59,20.73625,42.244166666666665,4.0
dTZZ-C60,21.544999999999995,43.819722222222225,4.0
dTZZ-C61,21.906666666666663,38.11805555555556,4.0
dTZZ-C63,22.160833333333333,44.01305555555555,4.0
dTZZ-C65,22.822499999999994,45.728611111111114,4.0
dTZZ-C66,23.19083333333333,42.95888888888889,4.0
dTZZ-C67,23.49625,42.63388888888889,4.0
dTZZ-C68,23.525,45.72555555555556,4.0
dTZZ-C69,23.66458333333333,44.094722222222224,4.0
